lr-Adam,step,loss_train_step,pos_train_step,cell_train_step,atomic_numbers_train_step,epoch,loss_val,pos_val,cell_val,atomic_numbers_val,loss_train_epoch,pos_train_epoch,cell_train_epoch,atomic_numbers_train_epoch,,,loss_train,loss_val
0.0001,49,,,,,,,,,,,,,,,1,0.514469445,0.431530237
,49,0.749457955,4.111532688,0.148110569,0.19019413,0,,,,,,,,,,2,0.487465143,0.417623162
0.0001,99,,,,,,,,,,,,,,,3,0.479943395,0.422401547
,99,0.480392247,3.072998047,0.032341689,0.140750706,0,,,,,,,,,,4,0.486926049,0.416339546
0.0001,149,,,,,,,,,,,,,,,5,0.478218585,0.41917327
,149,0.476148844,2.972588062,0.026226798,0.152663246,0,,,,,,,,,,6,0.468203545,0.440593451
,153,,,,,0,0.431530237,2.943922997,0.013202851,0.123934969,,,,,,7,0.482278824,0.428566843
,153,,,,,0,,,,,0.514469445,3.581531286,0.016470985,0.139845282,,8,0.472554892,0.432056636
0.0001,199,,,,,,,,,,,,,,,9,0.477394968,0.413181931
,199,0.374799848,2.327092648,0.009549353,0.132541224,1,,,,,,,,,,10,0.489248842,0.427180052
0.0001,249,,,,,,,,,,,,,,,11,0.464755088,0.382048011
,249,0.429760575,2.930102348,0.010189941,0.12656036,1,,,,,,,,,,12,0.471014619,0.408181131
0.0001,299,,,,,,,,,,,,,,,13,0.478933692,0.428231895
,299,0.336473137,2.389412165,0.0074341,0.090097792,1,,,,,,,,,,14,0.459155887,0.400874645
,307,,,,,1,0.417623162,2.806447506,0.01230451,0.124674015,,,,,,15,0.469102204,0.413201779
,307,,,,,1,,,,,0.487465143,3.383697271,0.015885599,0.133209646,,16,0.476347953,0.408009529
0.0001,349,,,,,,,,,,,,,,,17,0.469798297,0.434427887
,349,0.51461798,3.160634518,0.038810849,0.159743667,2,,,,,,,,,,18,0.470551163,0.406079024
0.0001,399,,,,,,,,,,,,,,,19,0.467094511,0.408593029
,399,0.396897852,3.076353073,0.015619544,0.073642969,2,,,,,,,,,,20,0.46769917,0.424450904
0.0001,449,,,,,,,,,,,,,,,21,0.480533391,0.398548543
,449,0.39325726,2.928585768,0.005485811,0.094912857,2,,,,,,,,,,22,0.475770772,0.405795693
,461,,,,,2,0.422401547,2.935286999,0.012679145,0.116193727,,,,,,23,0.479467303,0.404618114
,461,,,,,2,,,,,0.479943395,3.368064404,0.016104616,0.127032489,,24,0.463945508,0.399350107
0.0001,499,,,,,,,,,,,,,,,25,0.462476671,0.416854441
,499,0.445557833,2.976793051,0.006061493,0.141817018,3,,,,,,,,,,26,0.471949548,0.422468692
0.0001,549,,,,,,,,,,,,,,,27,0.470820487,0.407664537
,549,0.416495204,3.067831516,0.018779675,0.090932369,3,,,,,,,,,,28,0.476935595,0.404105842
0.0001,599,,,,,,,,,,,,,,,29,0.468293309,0.42816323
,599,0.425160348,3.014032602,0.011883404,0.111873671,3,,,,,,,,,,30,0.479403317,0.414251
,615,,,,,3,0.416339546,2.876814365,0.010655879,0.118002273,,,,,,31,0.46079874,0.428235948
,615,,,,,3,,,,,0.486926049,3.477960348,0.014549848,0.124580204,,32,0.475233823,0.424367607
0.0001,649,,,,,,,,,,,,,,,33,0.454570651,0.408032
,649,0.481366485,3.394239426,0.00585458,0.136087909,4,,,,,,,,,,34,0.466389835,0.394001156
0.0001,699,,,,,,,,,,,,,,,35,0.478865296,0.428568989
,699,0.448142946,2.939367771,0.018407099,0.135799035,4,,,,,,,,,,36,0.461970896,0.41584596
0.0001,749,,,,,,,,,,,,,,,37,0.47595945,0.405807316
,749,0.325719982,1.734369755,0.008766871,0.143516138,4,,,,,,,,,,38,0.453296542,0.404019594
,769,,,,,4,0.41917327,2.924257755,0.014226676,0.112520784,,,,,,39,0.461462945,0.413170606
,769,,,,,4,,,,,0.478218585,3.376057148,0.014748747,0.125864074,,40,0.459112793,0.413665622
0.0001,799,,,,,,,,,,,,,,,41,0.471984833,0.403478324
,799,0.603971958,4.854229927,0.019829763,0.098719209,5,,,,,,,,,,42,0.45485577,0.42235285
0.0001,849,,,,,,,,,,,,,,,43,0.465480953,0.428644866
,849,0.453308374,3.494217634,0.016691186,0.087195419,5,,,,,,,,,,44,0.458688527,0.411605507
0.0001,899,,,,,,,,,,,,,,,45,0.45084998,0.408230603
,899,0.331653982,2.507574797,0.006780498,0.074116006,5,,,,,,,,,,46,0.467427701,0.406072289
,923,,,,,5,0.440593451,3.128963947,0.011557591,0.116139397,,,,,,47,0.468298823,0.413394958
,923,,,,,5,,,,,0.468203545,3.303476095,0.014576819,0.123279139,,48,0.468635231,0.411368906
0.0001,949,,,,,,,,,,,,,,,49,0.467377663,0.409828782
,949,0.717249393,5.678794861,0.007685365,0.141684502,6,,,,,,,,,,50,0.458427876,0.431048155
0.0001,999,,,,,,,,,,,,,,,51,0.456793368,0.426433891
,999,0.734765947,6.303220749,0.0191749,0.085268959,6,,,,,,,,,,52,0.475410163,0.420440853
0.0001,1049,,,,,,,,,,,,,,,53,0.457021952,0.410913259
,1049,0.510143638,2.995786905,0.013810853,0.196754038,6,,,,,,,,,,54,0.464084774,0.397289425
,1077,,,,,6,0.428566843,2.992059469,0.011684461,0.117676452,,,,,,55,0.464906752,0.428178698
,1077,,,,,6,,,,,0.482278824,3.456907034,0.014415978,0.122172095,,56,0.451730698,0.427833378
0.0001,1099,,,,,,,,,,,,,,,57,0.460367978,0.389787912
,1099,0.667970717,5.314413071,0.025598219,0.110931195,7,,,,,,,,,,58,0.461684912,0.384488225
0.0001,1149,,,,,,,,,,,,,,,59,0.453850806,0.414123237
,1149,0.565009773,4.070204258,0.004951767,0.153037563,7,,,,,,,,,,60,0.445095032,0.39462027
0.0001,1199,,,,,,,,,,,,,,,61,0.470695227,0.420831293
,1199,0.467912614,3.627651691,0.015505985,0.089641429,7,,,,,,,,,,62,0.47602731,0.416154355
,1231,,,,,7,0.432056636,2.986163139,0.011493227,0.121947125,,,,,,63,0.45599547,0.419006675
,1231,,,,,7,,,,,0.472554892,3.388695717,0.013137575,0.120547689,,64,0.463273913,0.407712668
0.0001,1249,,,,,,,,,,,,,,,65,0.462139606,0.400279194
,1249,0.55862093,4.153328896,0.004705714,0.138582274,8,,,,,,,,,,66,0.46629262,0.404361784
0.0001,1299,,,,,,,,,,,,,,,67,0.462060332,0.419195235
,1299,0.533049464,3.318983078,0.022671415,0.178479731,8,,,,,,,,,,68,0.446539462,0.392456084
0.0001,1349,,,,,,,,,,,,,,,69,0.460523307,0.409564555
,1349,0.616780579,2.656059265,0.021551568,0.329623103,8,,,,,,,,,,70,0.467135459,0.422056466
,1385,,,,,8,0.413181931,2.779018641,0.016311292,0.118968725,,,,,,71,0.468619347,0.407347918
,1385,,,,,8,,,,,0.477394968,3.371721745,0.014842806,0.12537989,,72,0.45430401,0.409879476
0.0001,1399,,,,,,,,,,,,,,,73,0.439166933,0.400535613
,1399,0.527660072,3.287389278,0.06167642,0.137244716,9,,,,,,,,,,74,0.454971313,0.408389241
0.0001,1449,,,,,,,,,,,,,,,75,0.454473466,0.397303432
,1449,0.609877169,4.445949554,0.025101982,0.14018023,9,,,,,,,,,,76,0.451604038,0.412594974
0.0001,1499,,,,,,,,,,,,,,,77,0.480871558,0.411301076
,1499,0.828073382,6.679904938,0.019841127,0.140241712,9,,,,,,,,,,78,0.452150285,0.42601645
,1539,,,,,9,0.427180052,2.961328745,0.011925139,0.119122073,,,,,,79,0.452961951,0.416348547
,1539,,,,,9,,,,,0.489248842,3.539749384,0.016680242,0.118593663,,80,0.465561002,0.423361331
0.0001,1549,,,,,,,,,,,,,,,81,0.470306873,0.404375613
,1549,0.428372651,3.391074657,0.013395983,0.075869188,10,,,,,,,,,,82,0.454920262,0.415691674
0.0001,1599,,,,,,,,,,,,,,,83,0.46544084,0.426439881
,1599,0.374291658,2.383717775,0.005784438,0.130135477,10,,,,,,,,,,84,0.463647813,0.435591817
0.0001,1649,,,,,,,,,,,,,,,85,0.465601683,0.40383786
,1649,0.514084578,4.209908485,0.028475095,0.06461864,10,,,,,,,,,,86,0.472517043,0.387497753
,1693,,,,,10,0.382048011,2.651266098,0.008673915,0.108247437,,,,,,87,0.461620033,0.415174097
,1693,,,,,10,,,,,0.464755088,3.26694417,0.01537332,0.12268734,,88,0.44876489,0.420298249
0.0001,1699,,,,,,,,,,,,,,,89,0.461874008,0.416589797
,1699,0.443073064,2.916438103,0.016036298,0.135392964,11,,,,,,,,,,90,0.45440805,0.394316852
0.0001,1749,,,,,,,,,,,,,,,91,0.448659718,0.416953236
,1749,0.341714531,2.38281703,0.003287598,0.100145243,11,,,,,,,,,,92,0.461495191,0.398350596
0.0001,1799,,,,,,,,,,,,,,,93,0.45834285,0.409029335
,1799,0.42353797,2.92659235,0.010073386,0.120805338,11,,,,,,,,,,94,0.457781225,0.407544732
,1847,,,,,11,0.408181131,2.836769342,0.011595936,0.112908274,,,,,,95,0.461904407,0.393601358
,1847,,,,,11,,,,,0.471014619,3.378689766,0.015142714,0.11800316,,96,0.464916199,0.412859201
0.0001,1849,,,,,,,,,,,,,,,97,0.467878461,0.415880144
,1849,0.56720078,4.303399086,0.009719905,0.127140954,12,,,,,,,,,,98,0.458170563,0.417038172
0.0001,1899,,,,,,,,,,,,,,,99,0.452085853,0.39317143
,1899,0.542778611,3.816292048,0.010934327,0.150215089,12,,,,,,,,,,100,0.466050923,0.403356284
0.0001,1949,,,,,,,,,,,,,,,101,0.456285536,0.412089109
,1949,0.400616825,2.725646019,0.007658371,0.120393842,12,,,,,,,,,,102,0.45433864,0.417699277
0.0001,1999,,,,,,,,,,,,,,,103,0.465696126,0.409500092
,1999,0.480789483,3.364059448,0.011437895,0.132945642,12,,,,,,,,,,104,0.454473376,0.417476594
,2001,,,,,12,0.428231895,3.018500805,0.013590205,0.112791583,,,,,,105,0.455984026,0.403961986
,2001,,,,,12,,,,,0.478933692,3.448321104,0.012819359,0.121282227,,106,0.458357275,0.411368936
0.0001,2049,,,,,,,,,,,,,,,107,0.464364618,0.415314406
,2049,0.545522153,4.068977833,0.011107826,0.127516538,13,,,,,,,,,,108,0.460440308,0.382420331
0.0001,2099,,,,,,,,,,,,,,,109,0.465117097,0.418342292
,2099,0.374830127,2.906157732,0.010202683,0.074011654,13,,,,,,,,,,110,0.456220955,0.409654468
0.0001,2149,,,,,,,,,,,,,,,111,0.466236711,0.379258275
,2149,0.472174555,3.290476799,0.012737725,0.130389124,13,,,,,,,,,,112,0.462606341,0.409386098
,2155,,,,,13,0.400874645,2.731212616,0.01141765,0.11633575,,,,,,113,0.452719003,0.420882791
,2155,,,,,13,,,,,0.459155887,3.253458261,0.012574907,0.121235125,,114,0.47610113,0.435168624
0.0001,2199,,,,,,,,,,,,,,,115,0.455870807,0.405083448
,2199,0.386171579,2.225499153,0.006086715,0.157534987,14,,,,,,,,,,116,0.464721501,0.419383496
0.0001,2249,,,,,,,,,,,,,,,117,0.456088573,0.411866128
,2249,0.476250887,3.660352707,0.016696136,0.093519464,14,,,,,,,,,,118,0.446915865,0.416585088
0.0001,2299,,,,,,,,,,,,,,,119,0.451867431,0.392691731
,2299,0.365540594,2.236124277,0.022773799,0.119154364,14,,,,,,,,,,120,0.451620489,0.38501817
,2309,,,,,14,0.413201779,2.867352009,0.01214843,0.114318222,,,,,,121,0.446164817,0.408699363
,2309,,,,,14,,,,,0.469102204,3.292506933,0.014106424,0.125744879,,122,0.4432832,0.395971388
0.0001,2349,,,,,,,,,,,,,,,123,0.466242671,0.413828224
,2349,0.313225448,1.977865219,0.010126944,0.105311967,15,,,,,,,,,,124,0.445914358,0.416326672
0.0001,2399,,,,,,,,,,,,,,,125,0.459580034,0.406446725
,2399,0.354651183,2.69940567,0.005487871,0.079222746,15,,,,,,,,,,126,0.444594592,0.423023045
0.0001,2449,,,,,,,,,,,,,,,127,0.461501956,0.401943237
,2449,0.455335081,3.838072538,0.008793338,0.062734455,15,,,,,,,,,,128,0.445516437,0.403518081
,2463,,,,,15,0.408009529,2.807565451,0.011303484,0.115949556,,,,,,129,0.449560404,0.423265606
,2463,,,,,15,,,,,0.476347953,3.437104464,0.013383757,0.119253702,,130,0.446928591,0.398494214
0.0001,2499,,,,,,,,,,,,,,,131,0.463262826,0.408588678
,2499,0.391995162,2.041779518,0.005416312,0.182400882,16,,,,,,,,,,132,0.464938492,0.390633702
0.0001,2549,,,,,,,,,,,,,,,133,0.453460574,0.403731465
,2549,0.682630777,5.656819344,0.013896962,0.103051841,16,,,,,,,,,,134,0.457841128,0.414712399
0.0001,2599,,,,,,,,,,,,,,,135,0.466308981,0.414790511
,2599,0.411373973,3.081387997,0.007729375,0.095505819,16,,,,,,,,,,136,0.471103042,0.403592795
,2617,,,,,16,0.434427887,3.0420959,0.015337825,0.114880525,,,,,,137,0.446337521,0.400144011
,2617,,,,,16,,,,,0.469798297,3.371999979,0.012752165,0.119846195,,138,0.460592806,0.396180362
0.0001,2649,,,,,,,,,,,,,,,139,0.457908988,0.396559864
,2649,0.287268043,1.285306334,0.018738449,0.139998972,17,,,,,,,,,,140,0.455814689,0.393560618
0.0001,2699,,,,,,,,,,,,,,,141,0.450202286,0.427750319
,2699,0.564107239,4.216004372,0.030120341,0.11238645,17,,,,,,,,,,142,0.447009504,0.406760395
0.0001,2749,,,,,,,,,,,,,,,143,0.451279938,0.417608768
,2749,0.413858354,2.927458525,0.011076974,0.110035516,17,,,,,,,,,,144,0.453554809,0.413224548
,2771,,,,,17,0.406079024,2.798252344,0.010988952,0.115264803,,,,,,145,0.446732402,0.403006047
,2771,,,,,17,,,,,0.470551163,3.362531424,0.013760349,0.120537713,,146,0.452982992,0.418064356
0.0001,2799,,,,,,,,,,,,,,,147,0.455461711,0.392579198
,2799,0.393438041,3.053253889,0.015971325,0.07214132,18,,,,,,,,,,148,0.454747498,0.405156761
0.0001,2849,,,,,,,,,,,,,,,149,0.445304483,0.405629814
,2849,0.402928174,2.643908739,0.007288862,0.131248429,18,,,,,,,,,,150,0.450517863,0.398914635
0.0001,2899,,,,,,,,,,,,,,,151,0.451650947,0.422260851
,2899,0.506330192,3.096656322,0.01618748,0.180477068,18,,,,,,,,,,152,0.458281755,0.403535932
,2925,,,,,18,0.408593029,2.877809763,0.010309509,0.110502437,,,,,,153,0.454129189,0.390638441
,2925,,,,,18,,,,,0.467094511,3.318880081,0.013042117,0.122164331,,154,0.45262143,0.404769689
0.0001,2949,,,,,,,,,,,,,,,155,0.45482412,0.393057615
,2949,0.512696266,3.987886429,0.008560916,0.105346709,19,,,,,,,,,,156,0.454675406,0.404496908
0.0001,2999,,,,,,,,,,,,,,,157,0.451560438,0.410080492
,2999,0.497396737,4.052100658,0.008730236,0.083456427,19,,,,,,,,,,158,0.441169411,0.388707519
0.0001,3049,,,,,,,,,,,,,,,159,0.446521103,0.406707287
,3049,0.746686101,5.603354454,0.056612473,0.129738152,19,,,,,,,,,,160,0.460083276,0.392178744
,3079,,,,,19,0.424450904,3.016065121,0.010789124,0.112055257,,,,,,161,0.45325914,0.395496845
,3079,,,,,19,,,,,0.46769917,3.337334633,0.013978898,0.119986892,,162,0.450947523,0.400192261
0.0001,3099,,,,,,,,,,,,,,,163,0.441470891,0.409665614
,3099,0.371585667,2.408322811,0.007263461,0.123489946,20,,,,,,,,,,164,0.458274931,0.383651942
0.0001,3149,,,,,,,,,,,,,,,165,0.463860929,0.418999583
,3149,0.319133937,1.949702263,0.01080568,0.113358036,20,,,,,,,,,,166,0.461739391,0.408199906
0.0001,3199,,,,,,,,,,,,,,,167,0.44630748,0.424639195
,3199,0.457505941,3.325864792,0.009348694,0.115570761,20,,,,,,,,,,168,0.457004428,0.386528552
,3233,,,,,20,0.398548543,2.79780674,0.011720409,0.107047513,,,,,,169,0.460369378,0.412355751
,3233,,,,,20,,,,,0.480533391,3.478060961,0.014523057,0.118204363,,170,0.459583014,0.408513963
0.0001,3249,,,,,,,,,,,,,,,171,0.452388138,0.375625551
,3249,0.317421973,1.827588558,0.023682071,0.110981047,21,,,,,,,,,,172,0.453150719,0.415135711
0.0001,3299,,,,,,,,,,,,,,,173,0.464298755,0.385237515
,3299,0.369969934,2.596058369,0.004247668,0.106116422,21,,,,,,,,,,174,0.459010541,0.40207085
0.0001,3349,,,,,,,,,,,,,,,175,0.449627221,0.416768819
,3349,0.414137393,3.090082645,0.006410884,0.098718271,21,,,,,,,,,,176,0.431937903,0.418064564
,3387,,,,,21,0.405795693,2.864842415,0.008838073,0.110473372,,,,,,177,0.449077398,0.392769992
,3387,,,,,21,,,,,0.475770772,3.449064732,0.013373169,0.117491044,,178,0.446396977,0.410147756
0.0001,3399,,,,,,,,,,,,,,,179,0.454768211,0.406566858
,3399,0.45954299,2.888551235,0.011664666,0.159023196,22,,,,,,,,,,180,0.453174204,0.421740472
0.0001,3449,,,,,,,,,,,,,,,181,0.456116766,0.402037412
,3449,0.456815243,3.094171524,0.014958709,0.132439345,22,,,,,,,,,,182,0.455818802,0.402992845
0.0001,3499,,,,,,,,,,,,,,,183,0.440144509,0.42255187
,3499,0.372639626,2.581466675,0.005260772,0.109232157,22,,,,,,,,,,184,0.464729309,0.404272169
,3541,,,,,22,0.404618114,2.833515882,0.01132454,0.109941967,,,,,,185,0.448706448,0.405422568
,3541,,,,,22,,,,,0.479467303,3.426365852,0.014498518,0.122332215,,186,0.449153215,0.409539223
0.0001,3549,,,,,,,,,,,,,,,187,0.451475263,0.415437907
,3549,0.601714313,4.868720531,0.005090834,0.109751418,23,,,,,,,,,,188,0.453103006,0.395628512
0.0001,3599,,,,,,,,,,,,,,,189,0.450485438,0.409265846
,3599,0.371281147,2.649006128,0.007777556,0.098602995,23,,,,,,,,,,190,0.458920479,0.426889211
0.0001,3649,,,,,,,,,,,,,,,191,0.455940008,0.416297227
,3649,0.493610948,3.625243902,0.008931175,0.122155398,23,,,,,,,,,,192,0.435061365,0.422955275
,3695,,,,,23,0.399350107,2.782561064,0.010196949,0.110897064,,,,,,193,0.447759718,0.404732615
,3695,,,,,23,,,,,0.463945508,3.31861186,0.01295812,0.119126245,,194,0.454577297,0.416697323
0.0001,3699,,,,,,,,,,,,,,,195,0.442129761,0.417748183
,3699,0.38430807,2.053941011,0.003278629,0.175635338,24,,,,,,,,,,196,0.459475994,0.419176906
0.0001,3749,,,,,,,,,,,,,,,197,0.437211782,0.401220441
,3749,0.276612192,1.603453159,0.003455514,0.112811387,24,,,,,,,,,,198,0.451102078,0.418575585
0.0001,3799,,,,,,,,,,,,,,,199,0.462887198,0.40348658
,3799,0.488670826,3.637740612,0.00879129,0.116105415,24,,,,,,,,,,200,0.44752115,0.410453141
0.0001,3849,,,,,,,,,,,,,,,201,,0.410453141
,3849,0.601678371,4.46428299,0.006394364,0.148855731,24,,,,,,,,,,,,
,3849,,,,,24,0.416854441,2.93321085,0.01050764,0.113025784,,,,,,,,
,3849,,,,,24,,,,,0.462476671,3.281676531,0.014603578,0.119705386,,,,
0.0001,3899,,,,,,,,,,,,,,,,,
,3899,0.441578865,3.551445961,0.015252857,0.071181402,25,,,,,,,,,,,,
0.0001,3949,,,,,,,,,,,,,,,,,
,3949,0.343543589,2.438679695,0.004488105,0.095187493,25,,,,,,,,,,,,
0.0001,3999,,,,,,,,,,,,,,,,,
,3999,0.396591961,2.880912304,0.011713782,0.096786946,25,,,,,,,,,,,,
,4003,,,,,25,0.422468692,2.938007832,0.008906196,0.119761579,,,,,,,,
,4003,,,,,25,,,,,0.471949548,3.407588482,0.012297752,0.118893214,,,,
0.0001,4049,,,,,,,,,,,,,,,,,
,4049,0.288973421,1.77372098,0.007681281,0.103920013,26,,,,,,,,,,,,
0.0001,4099,,,,,,,,,,,,,,,,,
,4099,0.414836258,3.517596245,0.013395829,0.049680792,26,,,,,,,,,,,,
0.0001,4149,,,,,,,,,,,,,,,,,
,4149,0.779369652,6.638868809,0.017721057,0.09776175,26,,,,,,,,,,,,
,4157,,,,,26,0.407664537,2.815198183,0.008697272,0.117447361,,,,,,,,
,4157,,,,,26,,,,,0.470820487,3.389234304,0.013793765,0.118103497,,,,
0.0001,4199,,,,,,,,,,,,,,,,,
,4199,0.467986643,3.360074043,0.010715236,0.121263981,27,,,,,,,,,,,,
0.0001,4249,,,,,,,,,,,,,,,,,
,4249,0.370028466,2.657347679,0.004166201,0.100127503,27,,,,,,,,,,,,
0.0001,4299,,,,,,,,,,,,,,,,,
,4299,0.283468723,1.64970839,0.03445724,0.084040619,27,,,,,,,,,,,,
,4311,,,,,27,0.404105842,2.774996042,0.011866354,0.114739947,,,,,,,,
,4311,,,,,27,,,,,0.476935595,3.458029509,0.013731262,0.117401555,,,,
0.0001,4349,,,,,,,,,,,,,,,,,
,4349,0.484579742,3.819252014,0.003124698,0.099529833,28,,,,,,,,,,,,
0.0001,4399,,,,,,,,,,,,,,,,,
,4399,0.380167961,2.594968081,0.011837392,0.108833745,28,,,,,,,,,,,,
0.0001,4449,,,,,,,,,,,,,,,,,
,4449,0.495324135,4.063990593,0.006857642,0.082067415,28,,,,,,,,,,,,
,4465,,,,,28,0.42816323,3.015291452,0.013498517,0.113135554,,,,,,,,
,4465,,,,,28,,,,,0.468293309,3.396393538,0.012205755,0.116448171,,,,
0.0001,4499,,,,,,,,,,,,,,,,,
,4499,0.368360162,2.18571949,0.007862238,0.141925946,29,,,,,,,,,,,,
0.0001,4549,,,,,,,,,,,,,,,,,
,4549,0.566901684,4.290575027,0.008499962,0.129344225,29,,,,,,,,,,,,
0.0001,4599,,,,,,,,,,,,,,,,,
,4599,0.362463892,2.583023787,0.007732439,0.096429043,29,,,,,,,,,,,,
,4619,,,,,29,0.414251,2.933615446,0.010925225,0.109964274,,,,,,,,
,4619,,,,,29,,,,,0.479403317,3.501816273,0.013967849,0.11525394,,,,
0.0001,4649,,,,,,,,,,,,,,,,,
,4649,0.434846461,2.949524403,0.017101767,0.122792244,30,,,,,,,,,,,,
0.0001,4699,,,,,,,,,,,,,,,,,
,4699,0.51057899,3.697644234,0.030250639,0.110563934,30,,,,,,,,,,,,
0.0001,4749,,,,,,,,,,,,,,,,,
,4749,0.516091168,4.029477119,0.008214623,0.104928777,30,,,,,,,,,,,,
,4773,,,,,30,0.428235948,2.951109409,0.013259569,0.119865395,,,,,,,,
,4773,,,,,30,,,,,0.46079874,3.364413261,0.012287015,0.112070501,,,,
0.0001,4799,,,,,,,,,,,,,,,,,
,4799,0.412354112,3.081623554,0.010840704,0.093351066,31,,,,,,,,,,,,
0.0001,4849,,,,,,,,,,,,,,,,,
,4849,0.283316731,1.74591136,0.010363512,0.098362088,31,,,,,,,,,,,,
0.0001,4899,,,,,,,,,,,,,,,,,
,4899,0.545534492,4.482808113,0.02475385,0.072499812,31,,,,,,,,,,,,
,4927,,,,,31,0.424367607,2.923268557,0.012736985,0.119303755,,,,,,,,
,4927,,,,,31,,,,,0.475233823,3.420502901,0.013467836,0.119715437,,,,
0.0001,4949,,,,,,,,,,,,,,,,,
,4949,0.572697461,4.288319588,0.008816272,0.135049224,32,,,,,,,,,,,,
0.0001,4999,,,,,,,,,,,,,,,,,
,4999,0.551778793,4.232055187,0.012970641,0.115602627,32,,,,,,,,,,,,
0.0001,5049,,,,,,,,,,,,,,,,,
,5049,0.373387039,2.622681141,0.008587033,0.10253188,32,,,,,,,,,,,,
,5081,,,,,32,0.408032,2.82677412,0.01322183,0.112132765,,,,,,,,
,5081,,,,,32,,,,,0.454570651,3.274527788,0.014702927,0.11241474,,,,
0.0001,5099,,,,,,,,,,,,,,,,,
,5099,0.408428133,2.868758202,0.011518827,0.110033482,33,,,,,,,,,,,,
0.0001,5149,,,,,,,,,,,,,,,,,
,5149,0.448025554,2.847297668,0.025594793,0.137701005,33,,,,,,,,,,,,
0.0001,5199,,,,,,,,,,,,,,,,,
,5199,0.442467421,3.079251051,0.028780043,0.105762266,33,,,,,,,,,,,,
,5235,,,,,33,0.394001156,2.695130825,0.010337939,0.114150137,,,,,,,,
,5235,,,,,33,,,,,0.466389835,3.345155478,0.013403515,0.118470706,,,,
0.0001,5249,,,,,,,,,,,,,,,,,
,5249,0.345187515,2.374382496,0.012822595,0.09492667,34,,,,,,,,,,,,
0.0001,5299,,,,,,,,,,,,,,,,,
,5299,0.404347837,2.660176277,0.004754764,0.133575439,34,,,,,,,,,,,,
0.0001,5349,,,,,,,,,,,,,,,,,
,5349,0.450406492,3.528298378,0.007092754,0.090483889,34,,,,,,,,,,,,
,5389,,,,,34,0.428568989,2.992791653,0.011385255,0.117904529,,,,,,,,
,5389,,,,,34,,,,,0.478865296,3.457684517,0.012221543,0.120875247,,,,
0.0001,5399,,,,,,,,,,,,,,,,,
,5399,0.356286049,2.517138481,0.007891513,0.096680693,35,,,,,,,,,,,,
0.0001,5449,,,,,,,,,,,,,,,,,
,5449,0.341550171,2.31793046,0.032083396,0.077673756,35,,,,,,,,,,,,
0.0001,5499,,,,,,,,,,,,,,,,,
,5499,0.313883424,2.237735033,0.004010937,0.086098984,35,,,,,,,,,,,,
,5543,,,,,35,0.41584596,2.856055975,0.010449206,0.11979121,,,,,,,,
,5543,,,,,35,,,,,0.461970896,3.336547136,0.011633174,0.116682865,,,,
0.0001,5549,,,,,,,,,,,,,,,,,
,5549,0.399248034,2.843916893,0.01426946,0.100586884,36,,,,,,,,,,,,
0.0001,5599,,,,,,,,,,,,,,,,,
,5599,0.360864043,2.819396734,0.011659543,0.067264833,36,,,,,,,,,,,,
0.0001,5649,,,,,,,,,,,,,,,,,
,5649,0.436021745,3.12485671,0.008972323,0.114563733,36,,,,,,,,,,,,
,5697,,,,,36,0.405807316,2.860020399,0.01057431,0.109230936,,,,,,,,
,5697,,,,,36,,,,,0.47595945,3.436789036,0.012129282,0.120151393,,,,
0.0001,5699,,,,,,,,,,,,,,,,,
,5699,0.265497118,1.351963878,0.002915106,0.127385616,37,,,,,,,,,,,,
0.0001,5749,,,,,,,,,,,,,,,,,
,5749,0.232008114,1.5178442,0.010657595,0.069566101,37,,,,,,,,,,,,
0.0001,5799,,,,,,,,,,,,,,,,,
,5799,0.411734164,2.625055313,0.004967972,0.144260645,37,,,,,,,,,,,,
0.0001,5849,,,,,,,,,,,,,,,,,
,5849,0.353882879,2.237370014,0.016297769,0.113848105,37,,,,,,,,,,,,
,5851,,,,,37,0.404019594,2.75965333,0.010974243,0.11708001,,,,,,,,
,5851,,,,,37,,,,,0.453296542,3.260638475,0.010954657,0.116277978,,,,
0.0001,5899,,,,,,,,,,,,,,,,,
,5899,0.433085591,3.36989522,0.008432753,0.087663323,38,,,,,,,,,,,,
0.0001,5949,,,,,,,,,,,,,,,,,
,5949,0.451283991,2.798477173,0.006647797,0.164788455,38,,,,,,,,,,,,
0.0001,5999,,,,,,,,,,,,,,,,,
,5999,0.380340248,2.576764584,0.00957728,0.113086492,38,,,,,,,,,,,,
,6005,,,,,38,0.413170606,2.979882479,0.010649074,0.104533307,,,,,,,,
,6005,,,,,38,,,,,0.461462945,3.322404623,0.013761467,0.115460843,,,,
0.0001,6049,,,,,,,,,,,,,,,,,
,6049,0.511143386,3.43889451,0.004653568,0.162600324,39,,,,,,,,,,,,
0.0001,6099,,,,,,,,,,,,,,,,,
,6099,0.733814418,6.304720402,0.023084806,0.080257565,39,,,,,,,,,,,,
0.0001,6149,,,,,,,,,,,,,,,,,
,6149,0.395656228,2.333156586,0.014245471,0.148095071,39,,,,,,,,,,,,
,6159,,,,,39,0.413665622,2.895314693,0.009245709,0.114888437,,,,,,,,
,6159,,,,,39,,,,,0.459112793,3.331359863,0.011635789,0.114340864,,,,
0.0001,6199,,,,,,,,,,,,,,,,,
,6199,0.391659737,2.296512127,0.014709913,0.147298619,40,,,,,,,,,,,,
0.0001,6249,,,,,,,,,,,,,,,,,
,6249,0.287616462,1.601940036,0.002845992,0.124576449,40,,,,,,,,,,,,
0.0001,6299,,,,,,,,,,,,,,,,,
,6299,0.405836046,2.602807522,0.024648707,0.120906547,40,,,,,,,,,,,,
,6313,,,,,40,0.403478324,2.786914587,0.007280064,0.11750672,,,,,,,,
,6313,,,,,40,,,,,0.471984833,3.443853378,0.011101712,0.116497919,,,,
0.0001,6349,,,,,,,,,,,,,,,,,
,6349,0.503471434,4.019503593,0.01444564,0.087075442,41,,,,,,,,,,,,
0.0001,6399,,,,,,,,,,,,,,,,,
,6399,0.471473873,3.055433989,0.006288446,0.159642041,41,,,,,,,,,,,,
0.0001,6449,,,,,,,,,,,,,,,,,
,6449,0.694871426,5.670203209,0.01018336,0.117667712,41,,,,,,,,,,,,
,6467,,,,,41,0.42235285,2.952339649,0.010930184,0.116188705,,,,,,,,
,6467,,,,,41,,,,,0.45485577,3.262373686,0.011861893,0.116756499,,,,
0.0001,6499,,,,,,,,,,,,,,,,,
,6499,0.447438151,3.289046526,0.008870495,0.109662995,42,,,,,,,,,,,,
0.0001,6549,,,,,,,,,,,,,,,,,
,6549,0.428942859,2.691593647,0.037353996,0.12242949,42,,,,,,,,,,,,
0.0001,6599,,,,,,,,,,,,,,,,,
,6599,0.389730901,2.689259291,0.011239391,0.109565571,42,,,,,,,,,,,,
,6621,,,,,42,0.428644866,3.025683403,0.010023978,0.116052613,,,,,,,,
,6621,,,,,42,,,,,0.465480953,3.368725061,0.012944701,0.115663774,,,,
0.0001,6649,,,,,,,,,,,,,,,,,
,6649,0.294902861,1.786986589,0.00279642,0.113407791,43,,,,,,,,,,,,
0.0001,6699,,,,,,,,,,,,,,,,,
,6699,0.558298171,4.293597221,0.025981192,0.102957264,43,,,,,,,,,,,,
0.0001,6749,,,,,,,,,,,,,,,,,
,6749,0.453308642,3.605323076,0.006045289,0.086731032,43,,,,,,,,,,,,
,6775,,,,,43,0.411605507,2.878695726,0.010677015,0.113058947,,,,,,,,
,6775,,,,,43,,,,,0.458688527,3.291787863,0.011987611,0.117522128,,,,
0.0001,6799,,,,,,,,,,,,,,,,,
,6799,0.533265352,4.322072506,0.024682775,0.076375321,44,,,,,,,,,,,,
0.0001,6849,,,,,,,,,,,,,,,,,
,6849,0.527725816,3.536906719,0.006109959,0.167925179,44,,,,,,,,,,,,
0.0001,6899,,,,,,,,,,,,,,,,,
,6899,0.363871545,2.374593496,0.008667933,0.117744252,44,,,,,,,,,,,,
,6929,,,,,44,0.408230603,2.801759243,0.007912045,0.120142713,,,,,,,,
,6929,,,,,44,,,,,0.45084998,3.215222597,0.013589473,0.115738228,,,,
0.0001,6949,,,,,,,,,,,,,,,,,
,6949,0.44018808,2.890729427,0.004956541,0.146158576,45,,,,,,,,,,,,
0.0001,6999,,,,,,,,,,,,,,,,,
,6999,0.403711736,3.021243334,0.008725288,0.092862114,45,,,,,,,,,,,,
0.0001,7049,,,,,,,,,,,,,,,,,
,7049,0.603419483,4.590181351,0.009983913,0.134417459,45,,,,,,,,,,,,
,7083,,,,,45,0.406072289,2.870704889,0.009174909,0.109826863,,,,,,,,
,7083,,,,,45,,,,,0.467427701,3.36033392,0.012631944,0.11876224,,,,
0.0001,7099,,,,,,,,,,,,,,,,,
,7099,0.765501261,6.366425991,0.013898253,0.114960372,46,,,,,,,,,,,,
0.0001,7149,,,,,,,,,,,,,,,,,
,7149,0.580579281,4.189445019,0.012978938,0.148655847,46,,,,,,,,,,,,
0.0001,7199,,,,,,,,,,,,,,,,,
,7199,0.392586142,2.677263498,0.013181239,0.111678541,46,,,,,,,,,,,,
,7237,,,,,46,0.413394958,2.932510138,0.010662034,0.109481893,,,,,,,,
,7237,,,,,46,,,,,0.468298823,3.431912422,0.012195637,0.11291188,,,,
0.0001,7249,,,,,,,,,,,,,,,,,
,7249,0.575898409,4.512872696,0.009435475,0.11517556,47,,,,,,,,,,,,
0.0001,7299,,,,,,,,,,,,,,,,,
,7299,0.328841031,2.216493607,0.003455649,0.103735983,47,,,,,,,,,,,,
0.0001,7349,,,,,,,,,,,,,,,,,
,7349,0.817003846,6.691271782,0.00934191,0.138534725,47,,,,,,,,,,,,
,7391,,,,,47,0.411368906,2.817485809,0.009750459,0.119869903,,,,,,,,
,7391,,,,,47,,,,,0.468635231,3.36388588,0.012628327,0.119618148,,,,
0.0001,7399,,,,,,,,,,,,,,,,,
,7399,0.814767182,6.825009823,0.012018398,0.120247804,48,,,,,,,,,,,,
0.0001,7449,,,,,,,,,,,,,,,,,
,7449,0.450109184,3.30481863,0.003514351,0.116112947,48,,,,,,,,,,,,
0.0001,7499,,,,,,,,,,,,,,,,,
,7499,0.53156507,4.212487221,0.007020832,0.103295535,48,,,,,,,,,,,,
,7545,,,,,48,0.409828782,2.825840712,0.011417318,0.115827382,,,,,,,,
,7545,,,,,48,,,,,0.467377663,3.402841568,0.012319748,0.11477378,,,,
0.0001,7549,,,,,,,,,,,,,,,,,
,7549,0.393434465,2.618947268,0.010459505,0.121080227,49,,,,,,,,,,,,
0.0001,7599,,,,,,,,,,,,,,,,,
,7599,0.31974715,2.355232,0.010181277,0.074042648,49,,,,,,,,,,,,
0.0001,7649,,,,,,,,,,,,,,,,,
,7649,0.344065607,2.412194729,0.004299876,0.098546274,49,,,,,,,,,,,,
0.0001,7699,,,,,,,,,,,,,,,,,
,7699,1.071472764,8.690750122,0.015525497,0.186872184,49,,,,,,,,,,,,
,7699,,,,,49,0.431048155,3.021207809,0.011980513,0.116946764,,,,,,,,
,7699,,,,,49,,,,,0.458427876,3.319489002,0.011964307,0.114514679,,,,
0.0001,7749,,,,,,,,,,,,,,,,,
,7749,0.32558623,1.922848225,0.005818429,0.127482951,50,,,,,,,,,,,,
0.0001,7799,,,,,,,,,,,,,,,,,
,7799,0.409437865,3.053785324,0.014937516,0.089121811,50,,,,,,,,,,,,
0.0001,7849,,,,,,,,,,,,,,,,,
,7849,0.482505023,3.6024189,0.010927816,0.1113353,50,,,,,,,,,,,,
,7853,,,,,50,0.426433891,2.947919369,0.016786426,0.114855565,,,,,,,,
,7853,,,,,50,,,,,0.456793368,3.271343231,0.012878571,0.116780505,,,,
0.0001,7899,,,,,,,,,,,,,,,,,
,7899,0.743804216,6.522042274,0.013673072,0.077926926,51,,,,,,,,,,,,
0.0001,7949,,,,,,,,,,,,,,,,,
,7949,0.454092205,3.488126516,0.010541134,0.094738416,51,,,,,,,,,,,,
0.0001,7999,,,,,,,,,,,,,,,,,
,7999,0.686040282,5.482115746,0.012607734,0.125220954,51,,,,,,,,,,,,
,8007,,,,,51,0.420440853,2.911973953,0.011618055,0.117625371,,,,,,,,
,8007,,,,,51,,,,,0.475410163,3.459650278,0.012897463,0.116547778,,,,
0.0001,8049,,,,,,,,,,,,,,,,,
,8049,0.660044193,4.943851471,0.012920724,0.152738303,52,,,,,,,,,,,,
0.0001,8099,,,,,,,,,,,,,,,,,
,8099,0.479763031,3.480872393,0.0187524,0.112923339,52,,,,,,,,,,,,
0.0001,8149,,,,,,,,,,,,,,,,,
,8149,0.419120491,2.737451077,0.018408025,0.126967326,52,,,,,,,,,,,,
,8161,,,,,52,0.410913259,2.868670464,0.011250269,0.112796001,,,,,,,,
,8161,,,,,52,,,,,0.457021952,3.277881145,0.012735594,0.116498217,,,,
0.0001,8199,,,,,,,,,,,,,,,,,
,8199,0.317520142,1.829195857,0.005487738,0.12911281,53,,,,,,,,,,,,
0.0001,8249,,,,,,,,,,,,,,,,,
,8249,0.493974507,3.118715525,0.00871224,0.173390746,53,,,,,,,,,,,,
0.0001,8299,,,,,,,,,,,,,,,,,
,8299,0.224560052,1.583884478,0.004641059,0.061530523,53,,,,,,,,,,,,
,8315,,,,,53,0.397289425,2.797587156,0.009413558,0.108117096,,,,,,,,
,8315,,,,,53,,,,,0.464084774,3.355386734,0.011951953,0.11659421,,,,
0.0001,8349,,,,,,,,,,,,,,,,,
,8349,0.596992314,4.536207199,0.017079713,0.126291811,54,,,,,,,,,,,,
0.0001,8399,,,,,,,,,,,,,,,,,
,8399,0.520852208,3.50769186,0.031081527,0.139001444,54,,,,,,,,,,,,
0.0001,8449,,,,,,,,,,,,,,,,,
,8449,0.312247515,1.919768333,0.050972287,0.069298387,54,,,,,,,,,,,,
,8469,,,,,54,0.428178698,3.018225908,0.012432484,0.113923647,,,,,,,,
,8469,,,,,54,,,,,0.464906752,3.325968266,0.012322517,0.119987406,,,,
0.0001,8499,,,,,,,,,,,,,,,,,
,8499,0.327564836,1.844434023,0.00361172,0.139509752,55,,,,,,,,,,,,
0.0001,8549,,,,,,,,,,,,,,,,,
,8549,0.485516816,3.542267799,0.006246694,0.125043362,55,,,,,,,,,,,,
0.0001,8599,,,,,,,,,,,,,,,,,
,8599,0.514039278,3.798621178,0.018883087,0.115294069,55,,,,,,,,,,,,
,8623,,,,,55,0.427833378,3.040368795,0.01128969,0.112506829,,,,,,,,
,8623,,,,,55,,,,,0.451730698,3.229957104,0.012662567,0.116072349,,,,
0.0001,8649,,,,,,,,,,,,,,,,,
,8649,0.427122831,2.933261633,0.005155085,0.12864159,56,,,,,,,,,,,,
0.0001,8699,,,,,,,,,,,,,,,,,
,8699,0.636092901,3.809222698,0.041434359,0.213736311,56,,,,,,,,,,,,
0.0001,8749,,,,,,,,,,,,,,,,,
,8749,0.434672743,3.133786201,0.009626105,0.11166802,56,,,,,,,,,,,,
,8777,,,,,56,0.389787912,2.710692883,0.009019922,0.109698705,,,,,,,,
,8777,,,,,56,,,,,0.460367978,3.292947769,0.013713901,0.117359146,,,,
0.0001,8799,,,,,,,,,,,,,,,,,
,8799,0.805634916,6.372806072,0.023770079,0.144584179,57,,,,,,,,,,,,
0.0001,8849,,,,,,,,,,,,,,,,,
,8849,0.514822483,3.873183966,0.00981761,0.11768645,57,,,,,,,,,,,,
0.0001,8899,,,,,,,,,,,,,,,,,
,8899,0.478319556,3.267105341,0.00627257,0.145336449,57,,,,,,,,,,,,
,8931,,,,,57,0.384488225,2.663559914,0.008957857,0.109174348,,,,,,,,
,8931,,,,,57,,,,,0.461684912,3.330173016,0.014849927,0.11381752,,,,
0.0001,8949,,,,,,,,,,,,,,,,,
,8949,0.571596861,4.210843086,0.01221652,0.138296038,58,,,,,,,,,,,,
0.0001,8999,,,,,,,,,,,,,,,,,
,8999,0.484314561,3.193018913,0.048788305,0.116224326,58,,,,,,,,,,,,
0.0001,9049,,,,,,,,,,,,,,,,,
,9049,0.473736674,3.189291,0.015706617,0.139100969,58,,,,,,,,,,,,
,9085,,,,,58,0.414123237,2.884863615,0.009255617,0.11638125,,,,,,,,
,9085,,,,,58,,,,,0.453850806,3.251805544,0.01198834,0.116681755,,,,
0.0001,9099,,,,,,,,,,,,,,,,,
,9099,0.33907789,2.122661114,0.002801071,0.124010697,59,,,,,,,,,,,,
0.0001,9149,,,,,,,,,,,,,,,,,
,9149,0.536403239,4.188962936,0.01159431,0.105912618,59,,,,,,,,,,,,
0.0001,9199,,,,,,,,,,,,,,,,,
,9199,0.573444009,4.133893013,0.014224531,0.145830095,59,,,,,,,,,,,,
,9239,,,,,59,0.39462027,2.787726164,0.01015694,0.105690636,,,,,,,,
,9239,,,,,59,,,,,0.445095032,3.157721996,0.014332406,0.114990421,,,,
0.0001,9249,,,,,,,,,,,,,,,,,
,9249,0.70764327,5.763890266,0.01150044,0.119753852,60,,,,,,,,,,,,
0.0001,9299,,,,,,,,,,,,,,,,,
,9299,0.394839287,2.728919029,0.010921587,0.11102581,60,,,,,,,,,,,,
0.0001,9349,,,,,,,,,,,,,,,,,
,9349,0.449858487,3.098379135,0.006257736,0.133762792,60,,,,,,,,,,,,
,9393,,,,,60,0.420831293,2.998379946,0.008825891,0.112167358,,,,,,,,
,9393,,,,,60,,,,,0.470695227,3.446307898,0.011507567,0.114557043,,,,
0.0001,9399,,,,,,,,,,,,,,,,,
,9399,0.429327488,3.007425785,0.007389353,0.121195585,61,,,,,,,,,,,,
0.0001,9449,,,,,,,,,,,,,,,,,
,9449,0.53998518,4.274102211,0.008439944,0.104135022,61,,,,,,,,,,,,
0.0001,9499,,,,,,,,,,,,,,,,,
,9499,0.367057502,2.473945618,0.011801252,0.107861683,61,,,,,,,,,,,,
,9547,,,,,61,0.416154355,3.00613308,0.010076608,0.105464511,,,,,,,,
,9547,,,,,61,,,,,0.47602731,3.437324047,0.013334282,0.118960589,,,,
0.0001,9549,,,,,,,,,,,,,,,,,
,9549,0.390823662,3.057051659,0.008990884,0.076127596,62,,,,,,,,,,,,
0.0001,9599,,,,,,,,,,,,,,,,,
,9599,0.560220778,4.361461639,0.016637588,0.107437015,62,,,,,,,,,,,,
0.0001,9649,,,,,,,,,,,,,,,,,
,9649,0.39094919,2.549417019,0.008405812,0.127601683,62,,,,,,,,,,,,
0.0001,9699,,,,,,,,,,,,,,,,,
,9699,0.495035052,3.965765953,0.009088464,0.08937002,62,,,,,,,,,,,,
,9701,,,,,62,0.419006675,2.946068287,0.00922278,0.115177013,,,,,,,,
,9701,,,,,62,,,,,0.45599547,3.266519547,0.013570558,0.115772985,,,,
0.0001,9749,,,,,,,,,,,,,,,,,
,9749,0.441969186,2.686585426,0.020312184,0.152998477,63,,,,,,,,,,,,
0.0001,9799,,,,,,,,,,,,,,,,,
,9799,0.409897506,2.792408466,0.004238263,0.126418367,63,,,,,,,,,,,,
0.0001,9849,,,,,,,,,,,,,,,,,
,9849,0.530138493,4.121963024,0.029315516,0.088626638,63,,,,,,,,,,,,
,9855,,,,,63,0.407712668,2.878679991,0.009879905,0.109964654,,,,,,,,
,9855,,,,,63,,,,,0.463273913,3.351218224,0.01205534,0.116096891,,,,
0.0001,9899,,,,,,,,,,,,,,,,,
,9899,0.309351414,2.343331337,0.004457114,0.070561171,64,,,,,,,,,,,,
0.0001,9949,,,,,,,,,,,,,,,,,
,9949,0.423261702,3.272024155,0.011051943,0.08500734,64,,,,,,,,,,,,
0.0001,9999,,,,,,,,,,,,,,,,,
,9999,0.507181406,4.145699501,0.009319214,0.083292276,64,,,,,,,,,,,,
,10009,,,,,64,0.400279194,2.838173151,0.010519111,0.105942689,,,,,,,,
,10009,,,,,64,,,,,0.462139606,3.348599672,0.013178536,0.114101239,,,,
0.0001,10049,,,,,,,,,,,,,,,,,
,10049,0.526842058,3.988021851,0.006471928,0.121567942,65,,,,,,,,,,,,
0.0001,10099,,,,,,,,,,,,,,,,,
,10099,0.537712574,4.024615288,0.00546425,0.12978676,65,,,,,,,,,,,,
0.0001,10149,,,,,,,,,,,,,,,,,
,10149,0.405234694,2.786509275,0.019481102,0.107102662,65,,,,,,,,,,,,
,10163,,,,,65,0.404361784,2.84901619,0.008915232,0.11054486,,,,,,,,
,10163,,,,,65,,,,,0.46629262,3.362878084,0.014076214,0.115928657,,,,
0.0001,10199,,,,,,,,,,,,,,,,,
,10199,1.012868643,7.885718346,0.030755337,0.193541527,66,,,,,,,,,,,,
0.0001,10249,,,,,,,,,,,,,,,,,
,10249,0.406200498,2.843804359,0.011334744,0.1104853,66,,,,,,,,,,,,
0.0001,10299,,,,,,,,,,,,,,,,,
,10299,0.526249051,3.734870911,0.026018471,0.12674351,66,,,,,,,,,,,,
,10317,,,,,66,0.419195235,2.927605867,0.010979044,0.115455568,,,,,,,,
,10317,,,,,66,,,,,0.462060332,3.35078001,0.012297925,0.11468441,,,,
0.0001,10349,,,,,,,,,,,,,,,,,
,10349,0.721555233,5.833937168,0.004606133,0.133555397,67,,,,,,,,,,,,
0.0001,10399,,,,,,,,,,,,,,,,,
,10399,0.354258209,1.964178324,0.018158449,0.139681935,67,,,,,,,,,,,,
0.0001,10449,,,,,,,,,,,,,,,,,
,10449,0.404483944,2.644505024,0.014633512,0.125399917,67,,,,,,,,,,,,
,10471,,,,,67,0.392456084,2.753113747,0.009444561,0.107700229,,,,,,,,
,10471,,,,,67,,,,,0.446539462,3.201843023,0.012144215,0.114210792,,,,
0.0001,10499,,,,,,,,,,,,,,,,,
,10499,0.632471263,5.06269598,0.015605292,0.110596374,68,,,,,,,,,,,,
0.0001,10549,,,,,,,,,,,,,,,,,
,10549,0.445370525,2.907886982,0.006839919,0.147741929,68,,,,,,,,,,,,
0.0001,10599,,,,,,,,,,,,,,,,,
,10599,0.473459929,3.593242884,0.012224369,0.101911269,68,,,,,,,,,,,,
,10625,,,,,68,0.409564555,2.877530813,0.013678509,0.108132921,,,,,,,,
,10625,,,,,68,,,,,0.460523307,3.301082373,0.013057752,0.117357112,,,,
0.0001,10649,,,,,,,,,,,,,,,,,
,10649,0.362281024,2.508466721,0.005826069,0.105608277,69,,,,,,,,,,,,
0.0001,10699,,,,,,,,,,,,,,,,,
,10699,0.38753143,2.919629812,0.007310746,0.088257656,69,,,,,,,,,,,,
0.0001,10749,,,,,,,,,,,,,,,,,
,10749,0.531343818,4.222491264,0.009243038,0.09985166,69,,,,,,,,,,,,
,10779,,,,,69,0.422056466,2.994549036,0.009527583,0.113073975,,,,,,,,
,10779,,,,,69,,,,,0.467135459,3.390223503,0.013385707,0.114727348,,,,
0.0001,10799,,,,,,,,,,,,,,,,,
,10799,0.424357712,3.08902216,0.008513462,0.106942013,70,,,,,,,,,,,,
0.0001,10849,,,,,,,,,,,,,,,,,
,10849,0.390727401,2.135193348,0.004769279,0.1724388,70,,,,,,,,,,,,
0.0001,10899,,,,,,,,,,,,,,,,,
,10899,0.496165961,3.682237387,0.004905533,0.123036698,70,,,,,,,,,,,,
,10933,,,,,70,0.407347918,2.847317457,0.009123168,0.11349313,,,,,,,,
,10933,,,,,70,,,,,0.468619347,3.383375645,0.010456858,0.119825073,,,,
0.0001,10949,,,,,,,,,,,,,,,,,
,10949,0.484756947,3.692852497,0.008179523,0.107292138,71,,,,,,,,,,,,
0.0001,10999,,,,,,,,,,,,,,,,,
,10999,0.613801837,5.080187798,0.019837178,0.085945785,71,,,,,,,,,,,,
0.0001,11049,,,,,,,,,,,,,,,,,
,11049,0.402793288,2.80883646,0.029761441,0.0921482,71,,,,,,,,,,,,
,11087,,,,,71,0.409879476,2.8650105,0.012265706,0.111112811,,,,,,,,
,11087,,,,,71,,,,,0.45430401,3.284476042,0.012968426,0.112887926,,,,
0.0001,11099,,,,,,,,,,,,,,,,,
,11099,0.726764917,5.697135925,0.013421557,0.143629745,72,,,,,,,,,,,,
0.0001,11149,,,,,,,,,,,,,,,,,
,11149,0.428228408,3.358738661,0.003685427,0.088669091,72,,,,,,,,,,,,
0.0001,11199,,,,,,,,,,,,,,,,,
,11199,0.505690455,3.331048727,0.050755627,0.121829897,72,,,,,,,,,,,,
,11241,,,,,72,0.400535613,2.761140347,0.010718531,0.11370305,,,,,,,,
,11241,,,,,72,,,,,0.439166933,3.118862629,0.011403083,0.115877576,,,,
0.0001,11249,,,,,,,,,,,,,,,,,
,11249,0.353828251,2.053440571,0.007583779,0.140900433,73,,,,,,,,,,,,
0.0001,11299,,,,,,,,,,,,,,,,,
,11299,0.483582437,2.689424992,0.038692102,0.17594786,73,,,,,,,,,,,,
0.0001,11349,,,,,,,,,,,,,,,,,
,11349,0.55050391,4.518364906,0.007361158,0.09130621,73,,,,,,,,,,,,
,11395,,,,,73,0.408389241,2.827768564,0.015393001,0.110219307,,,,,,,,
,11395,,,,,73,,,,,0.454971313,3.222313166,0.013133948,0.119605981,,,,
0.0001,11399,,,,,,,,,,,,,,,,,
,11399,0.347854197,2.567909718,0.004659644,0.086403564,74,,,,,,,,,,,,
0.0001,11449,,,,,,,,,,,,,,,,,
,11449,0.421479762,2.77030921,0.011663357,0.132785499,74,,,,,,,,,,,,
0.0001,11499,,,,,,,,,,,,,,,,,
,11499,0.645641804,4.763364315,0.01450411,0.15480122,74,,,,,,,,,,,,
0.0001,11549,,,,,,,,,,,,,,,,,
,11549,0.399255991,1.807188392,0.003607253,0.214929894,74,,,,,,,,,,,,
,11549,,,,,74,0.397303432,2.74791193,0.010466042,0.112046205,,,,,,,,
,11549,,,,,74,,,,,0.454473466,3.263287306,0.014503446,0.113641329,,,,
0.0001,11599,,,,,,,,,,,,,,,,,
,11599,0.484321564,3.988937616,0.00673855,0.078689232,75,,,,,,,,,,,,
0.0001,11649,,,,,,,,,,,,,,,,,
,11649,0.620929241,5.012012959,0.005731841,0.113996074,75,,,,,,,,,,,,
0.0001,11699,,,,,,,,,,,,,,,,,
,11699,0.586086988,4.678861141,0.013764066,0.104436718,75,,,,,,,,,,,,
,11703,,,,,75,0.412594974,2.871662855,0.009566744,0.11586187,,,,,,,,
,11703,,,,,75,,,,,0.451604038,3.244611979,0.01266294,0.114479885,,,,
0.0001,11749,,,,,,,,,,,,,,,,,
,11749,0.477520019,3.270287514,0.004952378,0.145538896,76,,,,,,,,,,,,
0.0001,11799,,,,,,,,,,,,,,,,,
,11799,0.742929101,6.105694294,0.022291437,0.110068254,76,,,,,,,,,,,,
0.0001,11849,,,,,,,,,,,,,,,,,
,11849,0.391622007,2.486991167,0.004042322,0.138880536,76,,,,,,,,,,,,
,11857,,,,,76,0.411301076,2.857546091,0.011963618,0.113582894,,,,,,,,
,11857,,,,,76,,,,,0.480871558,3.521848202,0.013526728,0.115159892,,,,
0.0001,11899,,,,,,,,,,,,,,,,,
,11899,0.410763741,2.844502687,0.032412332,0.09390112,77,,,,,,,,,,,,
0.0001,11949,,,,,,,,,,,,,,,,,
,11949,0.557405829,4.310629368,0.017339312,0.109003544,77,,,,,,,,,,,,
0.0001,11999,,,,,,,,,,,,,,,,,
,11999,0.56963706,2.771046638,0.099136919,0.193395451,77,,,,,,,,,,,,
,12011,,,,,77,0.42601645,3.033435106,0.010786282,0.111886613,,,,,,,,
,12011,,,,,77,,,,,0.452150285,3.245434523,0.013640342,0.113966428,,,,
0.0001,12049,,,,,,,,,,,,,,,,,
,12049,0.482833833,3.443051338,0.004591607,0.133937091,78,,,,,,,,,,,,
0.0001,12099,,,,,,,,,,,,,,,,,
,12099,0.443901032,3.316205978,0.010454135,0.101826295,78,,,,,,,,,,,,
0.0001,12149,,,,,,,,,,,,,,,,,
,12149,0.382258832,2.453071117,0.002953466,0.13399826,78,,,,,,,,,,,,
,12165,,,,,78,0.416348547,2.88456583,0.010292957,0.117598943,,,,,,,,
,12165,,,,,78,,,,,0.452961951,3.28529048,0.012301091,0.112131946,,,,
0.0001,12199,,,,,,,,,,,,,,,,,
,12199,0.337232798,2.47965312,0.003184134,0.086083338,79,,,,,,,,,,,,
0.0001,12249,,,,,,,,,,,,,,,,,
,12249,0.529865742,3.817814112,0.021444902,0.126639456,79,,,,,,,,,,,,
0.0001,12299,,,,,,,,,,,,,,,,,
,12299,0.37422061,2.413146496,0.008488974,0.124416977,79,,,,,,,,,,,,
,12319,,,,,79,0.423361331,2.972092152,0.009195768,0.116956308,,,,,,,,
,12319,,,,,79,,,,,0.465561002,3.390124321,0.012404509,0.114144005,,,,
0.0001,12349,,,,,,,,,,,,,,,,,
,12349,0.612424314,4.929947853,0.009408318,0.110021174,80,,,,,,,,,,,,
0.0001,12399,,,,,,,,,,,,,,,,,
,12399,0.53261447,4.430761337,0.017513465,0.072024859,80,,,,,,,,,,,,
0.0001,12449,,,,,,,,,,,,,,,,,
,12449,0.499173403,3.607391119,0.00499226,0.133441985,80,,,,,,,,,,,,
,12473,,,,,80,0.404375613,2.83162117,0.009109569,0.112103827,,,,,,,,
,12473,,,,,80,,,,,0.470306873,3.456173182,0.014234393,0.110455178,,,,
0.0001,12499,,,,,,,,,,,,,,,,,
,12499,0.346872091,2.282378197,0.008617908,0.110016376,81,,,,,,,,,,,,
0.0001,12549,,,,,,,,,,,,,,,,,
,12549,0.339675963,2.15725112,0.007321609,0.116629228,81,,,,,,,,,,,,
0.0001,12599,,,,,,,,,,,,,,,,,
,12599,0.496872187,4.229558468,0.005329092,0.068587244,81,,,,,,,,,,,,
,12627,,,,,81,0.415691674,2.860420227,0.009370959,0.120278761,,,,,,,,
,12627,,,,,81,,,,,0.454920262,3.292848825,0.011671505,0.113963835,,,,
0.0001,12649,,,,,,,,,,,,,,,,,
,12649,0.451451182,2.956118584,0.005922691,0.149916634,82,,,,,,,,,,,,
0.0001,12699,,,,,,,,,,,,,,,,,
,12699,0.511454642,3.525831699,0.073578291,0.085293174,82,,,,,,,,,,,,
0.0001,12749,,,,,,,,,,,,,,,,,
,12749,0.492980838,4.032714844,0.008269949,0.081439435,82,,,,,,,,,,,,
,12781,,,,,82,0.426439881,3.055253267,0.009227725,0.111686774,,,,,,,,
,12781,,,,,82,,,,,0.46544084,3.348172426,0.013155715,0.11746791,,,,
0.0001,12799,,,,,,,,,,,,,,,,,
,12799,0.561762691,3.91666913,0.018509069,0.151586682,83,,,,,,,,,,,,
0.0001,12849,,,,,,,,,,,,,,,,,
,12849,0.643015623,4.798356533,0.008357624,0.15482232,83,,,,,,,,,,,,
0.0001,12899,,,,,,,,,,,,,,,,,
,12899,0.426258892,2.557442665,0.0074911,0.163023531,83,,,,,,,,,,,,
,12935,,,,,83,0.435591817,3.137185812,0.008115111,0.113758162,,,,,,,,
,12935,,,,,83,,,,,0.463647813,3.363620043,0.012500041,0.11478582,,,,
0.0001,12949,,,,,,,,,,,,,,,,,
,12949,0.496326983,3.639656782,0.007150795,0.125210509,84,,,,,,,,,,,,
0.0001,12999,,,,,,,,,,,,,,,,,
,12999,0.300299883,1.488118291,0.004505485,0.146982566,84,,,,,,,,,,,,
0.0001,13049,,,,,,,,,,,,,,,,,
,13049,0.462207019,3.315489769,0.011309196,0.119348861,84,,,,,,,,,,,,
,13089,,,,,84,0.40383786,2.807720184,0.010574292,0.112491518,,,,,,,,
,13089,,,,,84,,,,,0.465601683,3.362060785,0.011978537,0.117417052,,,,
0.0001,13099,,,,,,,,,,,,,,,,,
,13099,0.58458674,4.371018887,0.004669514,0.142815322,85,,,,,,,,,,,,
0.0001,13149,,,,,,,,,,,,,,,,,
,13149,0.490642011,3.658121586,0.011238916,0.113590926,85,,,,,,,,,,,,
0.0001,13199,,,,,,,,,,,,,,,,,
,13199,0.396825373,2.396434069,0.002996569,0.154185385,85,,,,,,,,,,,,
,13243,,,,,85,0.387497753,2.70446229,0.010843371,0.10620819,,,,,,,,
,13243,,,,,85,,,,,0.472517043,3.440070868,0.01445273,0.11405734,,,,
0.0001,13249,,,,,,,,,,,,,,,,,
,13249,0.481538504,2.614016056,0.009796203,0.210340679,86,,,,,,,,,,,,
0.0001,13299,,,,,,,,,,,,,,,,,
,13299,0.331482679,2.332001686,0.004497027,0.093785495,86,,,,,,,,,,,,
0.0001,13349,,,,,,,,,,,,,,,,,
,13349,0.649822116,5.142393112,0.013183814,0.122398987,86,,,,,,,,,,,,
,13397,,,,,86,0.415174097,2.99392271,0.011936034,0.10384579,,,,,,,,
,13397,,,,,86,,,,,0.461620033,3.294852257,0.011995639,0.120139144,,,,
0.0001,13399,,,,,,,,,,,,,,,,,
,13399,0.382513195,2.709629297,0.00706291,0.10448733,87,,,,,,,,,,,,
0.0001,13449,,,,,,,,,,,,,,,,,
,13449,0.343459964,2.34405756,0.019571105,0.089483105,87,,,,,,,,,,,,
0.0001,13499,,,,,,,,,,,,,,,,,
,13499,0.626408219,5.003334999,0.017305981,0.108768761,87,,,,,,,,,,,,
0.0001,13549,,,,,,,,,,,,,,,,,
,13549,0.393670529,2.871576786,0.01056611,0.095946744,87,,,,,,,,,,,,
,13551,,,,,87,0.420298249,2.937623262,0.015974909,0.110560969,,,,,,,,
,13551,,,,,87,,,,,0.44876489,3.242419243,0.012513846,0.112009138,,,,
0.0001,13599,,,,,,,,,,,,,,,,,
,13599,0.527343869,4.280467033,0.01103669,0.088260531,88,,,,,,,,,,,,
0.0001,13649,,,,,,,,,,,,,,,,,
,13649,0.364257813,2.781812191,0.005174718,0.080901846,88,,,,,,,,,,,,
0.0001,13699,,,,,,,,,,,,,,,,,
,13699,0.348984569,2.541257858,0.008368754,0.086490005,88,,,,,,,,,,,,
,13705,,,,,88,0.416589797,2.867394447,0.010324826,0.119525529,,,,,,,,
,13705,,,,,88,,,,,0.461874008,3.330900431,0.013419962,0.115364082,,,,
0.0001,13749,,,,,,,,,,,,,,,,,
,13749,0.428689688,2.887903214,0.010050361,0.129848972,89,,,,,,,,,,,,
0.0001,13799,,,,,,,,,,,,,,,,,
,13799,0.536106467,4.15601635,0.009828177,0.110676669,89,,,,,,,,,,,,
0.0001,13849,,,,,,,,,,,,,,,,,
,13849,0.45843643,2.937945604,0.01191376,0.152728081,89,,,,,,,,,,,,
,13859,,,,,89,0.394316852,2.77100873,0.010231295,0.106984705,,,,,,,,
,13859,,,,,89,,,,,0.45440805,3.266803503,0.013058795,0.114669047,,,,
0.0001,13899,,,,,,,,,,,,,,,,,
,13899,0.33542949,2.597505331,0.00820381,0.067475155,90,,,,,,,,,,,,
0.0001,13949,,,,,,,,,,,,,,,,,
,13949,0.436852157,2.552685976,0.038661882,0.142921656,90,,,,,,,,,,,,
0.0001,13999,,,,,,,,,,,,,,,,,
,13999,0.48064062,3.66172719,0.012863413,0.101604491,90,,,,,,,,,,,,
,14013,,,,,90,0.416953236,2.917338133,0.010263303,0.114956088,,,,,,,,
,14013,,,,,90,,,,,0.448659718,3.204349279,0.01108891,0.117135845,,,,
0.0001,14049,,,,,,,,,,,,,,,,,
,14049,0.349887908,2.15612793,0.04440257,0.089872539,91,,,,,,,,,,,,
0.0001,14099,,,,,,,,,,,,,,,,,
,14099,0.521687031,3.69462204,0.022381021,0.129843801,91,,,,,,,,,,,,
0.0001,14149,,,,,,,,,,,,,,,,,
,14149,0.416542023,2.90908289,0.007583226,0.118050516,91,,,,,,,,,,,,
,14167,,,,,91,0.398350596,2.746776104,0.011484191,0.112188756,,,,,,,,
,14167,,,,,91,,,,,0.461495191,3.325209141,0.012952684,0.116021685,,,,
0.0001,14199,,,,,,,,,,,,,,,,,
,14199,0.387475848,2.483567238,0.004302115,0.134817004,92,,,,,,,,,,,,
0.0001,14249,,,,,,,,,,,,,,,,,
,14249,0.418785393,2.917889595,0.004522852,0.122473538,92,,,,,,,,,,,,
0.0001,14299,,,,,,,,,,,,,,,,,
,14299,0.497300267,3.191597462,0.010928641,0.16721186,92,,,,,,,,,,,,
,14321,,,,,92,0.409029335,2.831541061,0.010534137,0.115341209,,,,,,,,
,14321,,,,,92,,,,,0.45834285,3.29536438,0.012032422,0.116773777,,,,
0.0001,14349,,,,,,,,,,,,,,,,,
,14349,0.384573519,2.976777077,0.005997453,0.080898374,93,,,,,,,,,,,,
0.0001,14399,,,,,,,,,,,,,,,,,
,14399,0.421074122,2.76475811,0.005726513,0.138871789,93,,,,,,,,,,,,
0.0001,14449,,,,,,,,,,,,,,,,,
,14449,0.578023076,4.719902039,0.004986661,0.10104619,93,,,,,,,,,,,,
,14475,,,,,93,0.407544732,2.82897687,0.01189914,0.112747975,,,,,,,,
,14475,,,,,93,,,,,0.457781225,3.324446678,0.011911673,0.1134248,,,,
0.0001,14499,,,,,,,,,,,,,,,,,
,14499,0.390600115,2.197319031,0.04615042,0.124717802,94,,,,,,,,,,,,
0.0001,14549,,,,,,,,,,,,,,,,,
,14549,0.486712575,3.797111988,0.00717346,0.099827945,94,,,,,,,,,,,,
0.0001,14599,,,,,,,,,,,,,,,,,
,14599,0.55110538,4.244999409,0.007719226,0.118886188,94,,,,,,,,,,,,
,14629,,,,,94,0.393601358,2.737841845,0.009326233,0.110490993,,,,,,,,
,14629,,,,,94,,,,,0.461904407,3.345251083,0.011948482,0.115430892,,,,
0.0001,14649,,,,,,,,,,,,,,,,,
,14649,0.27063477,1.523483038,0.005337542,0.112948924,95,,,,,,,,,,,,
0.0001,14699,,,,,,,,,,,,,,,,,
,14699,0.373530954,2.582015514,0.007065343,0.108264074,95,,,,,,,,,,,,
0.0001,14749,,,,,,,,,,,,,,,,,
,14749,0.495069832,3.954902887,0.005654213,0.093925357,95,,,,,,,,,,,,
,14783,,,,,95,0.412859201,2.902926683,0.010526134,0.112040319,,,,,,,,
,14783,,,,,95,,,,,0.464916199,3.379205465,0.011219315,0.11577633,,,,
0.0001,14799,,,,,,,,,,,,,,,,,
,14799,0.453793406,2.886862755,0.005278883,0.159828186,96,,,,,,,,,,,,
0.0001,14849,,,,,,,,,,,,,,,,,
,14849,0.354934216,2.250275373,0.020650543,0.109256133,96,,,,,,,,,,,,
0.0001,14899,,,,,,,,,,,,,,,,,
,14899,0.398899794,2.974238396,0.014663177,0.086812742,96,,,,,,,,,,,,
,14937,,,,,96,0.415880144,2.971310616,0.009862516,0.108886555,,,,,,,,
,14937,,,,,96,,,,,0.467878461,3.42429471,0.013429429,0.112019651,,,,
0.0001,14949,,,,,,,,,,,,,,,,,
,14949,0.330083042,2.526198387,0.012154729,0.065308459,97,,,,,,,,,,,,
0.0001,14999,,,,,,,,,,,,,,,,,
,14999,0.41942203,2.986730099,0.005858814,0.114890188,97,,,,,,,,,,,,
0.0001,15049,,,,,,,,,,,,,,,,,
,15049,0.437031657,2.793731213,0.030295007,0.127363533,97,,,,,,,,,,,,
,15091,,,,,97,0.417038172,3.021606922,0.012866186,0.102011256,,,,,,,,
,15091,,,,,97,,,,,0.458170563,3.29470253,0.011623556,0.117076434,,,,
0.0001,15099,,,,,,,,,,,,,,,,,
,15099,0.374575734,2.517503262,0.007178716,0.115646698,98,,,,,,,,,,,,
0.0001,15149,,,,,,,,,,,,,,,,,
,15149,0.332852602,2.296248913,0.008681837,0.094545856,98,,,,,,,,,,,,
0.0001,15199,,,,,,,,,,,,,,,,,
,15199,0.388967723,2.679990053,0.004948764,0.116019942,98,,,,,,,,,,,,
,15245,,,,,98,0.39317143,2.709568977,0.012443721,0.109770782,,,,,,,,
,15245,,,,,98,,,,,0.452085853,3.256358385,0.0121112,0.114338771,,,,
0.0001,15249,,,,,,,,,,,,,,,,,
,15249,0.388388515,2.779140234,0.003233609,0.107240885,99,,,,,,,,,,,,
0.0001,15299,,,,,,,,,,,,,,,,,
,15299,0.331263244,2.073518515,0.004417108,0.119494304,99,,,,,,,,,,,,
0.0001,15349,,,,,,,,,,,,,,,,,
,15349,0.507234454,4.078311443,0.004174044,0.095229268,99,,,,,,,,,,,,
0.0001,15399,,,,,,,,,,,,,,,,,
,15399,0.338378996,2.894560814,0.001595373,0.047327507,99,,,,,,,,,,,,
,15399,,,,,99,0.403356284,2.868418217,0.009028872,0.107485548,,,,,,,,
,15399,,,,,99,,,,,0.466050923,3.388661861,0.01209246,0.11509227,,,,
0.0001,15449,,,,,,,,,,,,,,,,,
,15449,0.613795638,4.982642174,0.010121054,0.105410323,100,,,,,,,,,,,,
0.0001,15499,,,,,,,,,,,,,,,,,
,15499,0.515098691,3.711237907,0.019691873,0.124283008,100,,,,,,,,,,,,
0.0001,15549,,,,,,,,,,,,,,,,,
,15549,0.342320085,2.535887718,0.005411505,0.083319768,100,,,,,,,,,,,,
,15553,,,,,100,0.412089109,2.943329573,0.009256576,0.108499587,,,,,,,,
,15553,,,,,100,,,,,0.456285536,3.306622028,0.012360693,0.113262631,,,,
0.0001,15599,,,,,,,,,,,,,,,,,
,15599,0.354633331,2.337999105,0.022578632,0.098254822,101,,,,,,,,,,,,
0.0001,15649,,,,,,,,,,,,,,,,,
,15649,0.29059422,1.715752602,0.002940464,0.116078451,101,,,,,,,,,,,,
0.0001,15699,,,,,,,,,,,,,,,,,
,15699,0.39993751,2.877731085,0.007269203,0.104895175,101,,,,,,,,,,,,
,15707,,,,,101,0.417699277,2.970972776,0.010814385,0.109787568,,,,,,,,
,15707,,,,,101,,,,,0.45433864,3.258535862,0.011700545,0.116784446,,,,
0.0001,15749,,,,,,,,,,,,,,,,,
,15749,0.356939793,2.74537611,0.012477343,0.069924802,102,,,,,,,,,,,,
0.0001,15799,,,,,,,,,,,,,,,,,
,15799,0.390580297,2.78703022,0.004740389,0.107136868,102,,,,,,,,,,,,
0.0001,15849,,,,,,,,,,,,,,,,,
,15849,0.454546928,3.267227888,0.008610271,0.119213827,102,,,,,,,,,,,,
,15861,,,,,102,0.409500092,2.894885063,0.009428128,0.110583447,,,,,,,,
,15861,,,,,102,,,,,0.465696126,3.375734806,0.01288629,0.115236349,,,,
0.0001,15899,,,,,,,,,,,,,,,,,
,15899,0.499928713,3.924007177,0.010611214,0.096916817,103,,,,,,,,,,,,
0.0001,15949,,,,,,,,,,,,,,,,,
,15949,0.372935772,2.602153778,0.006038951,0.106681421,103,,,,,,,,,,,,
0.0001,15999,,,,,,,,,,,,,,,,,
,15999,0.364746422,2.213065624,0.007597133,0.135842681,103,,,,,,,,,,,,
,16015,,,,,103,0.417476594,2.922035217,0.014266347,0.111006796,,,,,,,,
,16015,,,,,103,,,,,0.454473376,3.283108473,0.01140712,0.114755161,,,,
0.0001,16049,,,,,,,,,,,,,,,,,
,16049,0.435801148,2.689673662,0.008301198,0.15853256,104,,,,,,,,,,,,
0.0001,16099,,,,,,,,,,,,,,,,,
,16099,0.339768022,2.203919172,0.008404215,0.110971853,104,,,,,,,,,,,,
0.0001,16149,,,,,,,,,,,,,,,,,
,16149,1.009564042,8.041563034,0.017639261,0.187768459,104,,,,,,,,,,,,
,16169,,,,,104,0.403961986,2.836680889,0.011903029,0.108390816,,,,,,,,
,16169,,,,,104,,,,,0.455984026,3.296092987,0.011694404,0.114680335,,,,
0.0001,16199,,,,,,,,,,,,,,,,,
,16199,0.327421218,2.220717907,0.004419644,0.100929804,105,,,,,,,,,,,,
0.0001,16249,,,,,,,,,,,,,,,,,
,16249,0.324663311,2.38666153,0.007052448,0.078944713,105,,,,,,,,,,,,
0.0001,16299,,,,,,,,,,,,,,,,,
,16299,0.533281922,3.980840683,0.006947746,0.128250122,105,,,,,,,,,,,,
,16323,,,,,105,0.411368936,2.948060036,0.009284463,0.107278615,,,,,,,,
,16323,,,,,105,,,,,0.458357275,3.322777987,0.011056732,0.115022771,,,,
0.0001,16349,,,,,,,,,,,,,,,,,
,16349,0.567591548,4.449947357,0.015963754,0.106633052,106,,,,,,,,,,,,
0.0001,16399,,,,,,,,,,,,,,,,,
,16399,0.698462903,5.158164501,0.014239252,0.168407217,106,,,,,,,,,,,,
0.0001,16449,,,,,,,,,,,,,,,,,
,16449,0.546938658,4.198356152,0.01283464,0.114268415,106,,,,,,,,,,,,
,16477,,,,,106,0.415314406,2.894737959,0.010693328,0.115147322,,,,,,,,
,16477,,,,,106,,,,,0.464364618,3.375072002,0.011989994,0.114867344,,,,
0.0001,16499,,,,,,,,,,,,,,,,,
,16499,0.466898561,3.506186485,0.00902002,0.107259914,107,,,,,,,,,,,,
0.0001,16549,,,,,,,,,,,,,,,,,
,16549,0.396927387,2.979418993,0.013668896,0.085316584,107,,,,,,,,,,,,
0.0001,16599,,,,,,,,,,,,,,,,,
,16599,0.437025547,2.906262159,0.006626938,0.1397724,107,,,,,,,,,,,,
,16631,,,,,107,0.382420331,2.635330915,0.008673225,0.110213988,,,,,,,,
,16631,,,,,107,,,,,0.460440308,3.349191904,0.012283116,0.113237828,,,,
0.0001,16649,,,,,,,,,,,,,,,,,
,16649,0.511925817,3.669919014,0.005389337,0.139544547,108,,,,,,,,,,,,
0.0001,16699,,,,,,,,,,,,,,,,,
,16699,0.290419757,2.082312822,0.009406617,0.072781861,108,,,,,,,,,,,,
0.0001,16749,,,,,,,,,,,,,,,,,
,16749,0.527530611,4.159356594,0.007865624,0.103729308,108,,,,,,,,,,,,
,16785,,,,,108,0.418342292,2.954947472,0.010616016,0.112231486,,,,,,,,
,16785,,,,,108,,,,,0.465117097,3.380242348,0.013664981,0.113427825,,,,
0.0001,16799,,,,,,,,,,,,,,,,,
,16799,0.457760543,3.335623503,0.009711489,0.114486709,109,,,,,,,,,,,,
0.0001,16849,,,,,,,,,,,,,,,,,
,16849,0.244174972,1.43508482,0.006160499,0.094506003,109,,,,,,,,,,,,
0.0001,16899,,,,,,,,,,,,,,,,,
,16899,1.150682211,10.11513042,0.017595885,0.121573336,109,,,,,,,,,,,,
,16939,,,,,109,0.409654468,2.887649536,0.011071686,0.109817803,,,,,,,,
,16939,,,,,109,,,,,0.456220955,3.321936369,0.012472822,0.111554638,,,,
0.0001,16949,,,,,,,,,,,,,,,,,
,16949,0.402407318,2.848153591,0.013220625,0.104371332,110,,,,,,,,,,,,
0.0001,16999,,,,,,,,,,,,,,,,,
,16999,0.972458482,7.835105896,0.006871974,0.182075843,110,,,,,,,,,,,,
0.0001,17049,,,,,,,,,,,,,,,,,
,17049,0.450083375,3.293714046,0.004338494,0.116373479,110,,,,,,,,,,,,
,17093,,,,,110,0.379258275,2.630164862,0.008220773,0.108020939,,,,,,,,
,17093,,,,,110,,,,,0.466236711,3.384651899,0.011072494,0.116699129,,,,
0.0001,17099,,,,,,,,,,,,,,,,,
,17099,0.402188241,2.472239494,0.006968676,0.147995591,111,,,,,,,,,,,,
0.0001,17149,,,,,,,,,,,,,,,,,
,17149,0.308587611,1.925456762,0.006791183,0.109250769,111,,,,,,,,,,,,
0.0001,17199,,,,,,,,,,,,,,,,,
,17199,0.442139089,3.189809799,0.008941729,0.114216387,111,,,,,,,,,,,,
,17247,,,,,111,0.409386098,2.849916458,0.013492746,0.11090181,,,,,,,,
,17247,,,,,111,,,,,0.462606341,3.348232508,0.011582827,0.116200253,,,,
0.0001,17249,,,,,,,,,,,,,,,,,
,17249,0.348288357,2.58996129,0.008884796,0.080407441,112,,,,,,,,,,,,
0.0001,17299,,,,,,,,,,,,,,,,,
,17299,0.468889028,3.624921799,0.012732914,0.093663901,112,,,,,,,,,,,,
0.0001,17349,,,,,,,,,,,,,,,,,
,17349,0.2900756,1.795950651,0.007581494,0.102899075,112,,,,,,,,,,,,
0.0001,17399,,,,,,,,,,,,,,,,,
,17399,0.490493238,3.664148331,0.010030136,0.11404828,112,,,,,,,,,,,,
,17401,,,,,112,0.420882791,2.97738719,0.010833406,0.112310685,,,,,,,,
,17401,,,,,112,,,,,0.452719003,3.222173452,0.01300925,0.117492318,,,,
0.0001,17449,,,,,,,,,,,,,,,,,
,17449,0.591360867,4.770961285,0.008484686,0.105780005,113,,,,,,,,,,,,
0.0001,17499,,,,,,,,,,,,,,,,,
,17499,0.569769502,4.496059418,0.01370227,0.106461272,113,,,,,,,,,,,,
0.0001,17549,,,,,,,,,,,,,,,,,
,17549,0.459548503,3.320171833,0.008912313,0.11861901,113,,,,,,,,,,,,
,17555,,,,,113,0.435168624,3.085468769,0.010713712,0.115908012,,,,,,,,
,17555,,,,,113,,,,,0.47610113,3.471813202,0.013408859,0.115511052,,,,
0.0001,17599,,,,,,,,,,,,,,,,,
,17599,0.411138594,2.544612885,0.009926829,0.146750465,114,,,,,,,,,,,,
0.0001,17649,,,,,,,,,,,,,,,,,
,17649,0.743899107,6.308742046,0.006910937,0.10611397,114,,,,,,,,,,,,
0.0001,17699,,,,,,,,,,,,,,,,,
,17699,0.400206596,2.876978397,0.011906192,0.100602567,114,,,,,,,,,,,,
,17709,,,,,114,0.405083448,2.813891649,0.01403658,0.109657697,,,,,,,,
,17709,,,,,114,,,,,0.455870807,3.249216557,0.011942016,0.119006999,,,,
0.0001,17749,,,,,,,,,,,,,,,,,
,17749,0.497347236,3.466902733,0.008799573,0.141857415,115,,,,,,,,,,,,
0.0001,17799,,,,,,,,,,,,,,,,,
,17799,0.63996923,4.940927505,0.005857372,0.140019119,115,,,,,,,,,,,,
0.0001,17849,,,,,,,,,,,,,,,,,
,17849,0.470123798,3.416383266,0.006092048,0.122393399,115,,,,,,,,,,,,
,17863,,,,,115,0.419383496,2.938672304,0.009817582,0.115698688,,,,,,,,
,17863,,,,,115,,,,,0.464721501,3.38811183,0.011485843,0.114424683,,,,
0.0001,17899,,,,,,,,,,,,,,,,,
,17899,0.421203792,2.727345705,0.006709914,0.141759306,116,,,,,,,,,,,,
0.0001,17949,,,,,,,,,,,,,,,,,
,17949,0.349355638,2.258400917,0.008119111,0.11539641,116,,,,,,,,,,,,
0.0001,17999,,,,,,,,,,,,,,,,,
,17999,0.49669072,3.860097885,0.005264745,0.105416194,116,,,,,,,,,,,,
,18017,,,,,116,0.411866128,2.898749113,0.011309213,0.110681944,,,,,,,,
,18017,,,,,116,,,,,0.456088573,3.306711435,0.010406174,0.115011141,,,,
0.0001,18049,,,,,,,,,,,,,,,,,
,18049,0.456434727,3.364927769,0.003987762,0.115954168,117,,,,,,,,,,,,
0.0001,18099,,,,,,,,,,,,,,,,,
,18099,0.363511533,2.264007807,0.004599681,0.132511064,117,,,,,,,,,,,,
0.0001,18149,,,,,,,,,,,,,,,,,
,18149,0.400345623,2.771605968,0.004369063,0.118815958,117,,,,,,,,,,,,
,18171,,,,,117,0.416585088,2.96578145,0.011655107,0.108351745,,,,,,,,
,18171,,,,,117,,,,,0.446915865,3.149775267,0.014127502,0.117810898,,,,
0.0001,18199,,,,,,,,,,,,,,,,,
,18199,0.382949889,2.950088978,0.003761261,0.084179714,118,,,,,,,,,,,,
0.0001,18249,,,,,,,,,,,,,,,,,
,18249,0.352857053,2.482770443,0.01351634,0.091063686,118,,,,,,,,,,,,
0.0001,18299,,,,,,,,,,,,,,,,,
,18299,0.525089622,3.653713703,0.005260312,0.154457882,118,,,,,,,,,,,,
,18325,,,,,118,0.392691731,2.725292683,0.010013103,0.110149346,,,,,,,,
,18325,,,,,118,,,,,0.451867431,3.232942104,0.012889075,0.115684181,,,,
0.0001,18349,,,,,,,,,,,,,,,,,
,18349,0.405058861,3.017869234,0.012547155,0.090724781,119,,,,,,,,,,,,
0.0001,18399,,,,,,,,,,,,,,,,,
,18399,0.414955199,2.205777168,0.019314256,0.175063252,119,,,,,,,,,,,,
0.0001,18449,,,,,,,,,,,,,,,,,
,18449,0.296613634,1.395403624,0.026162565,0.130910695,119,,,,,,,,,,,,
,18479,,,,,119,0.38501817,2.704204321,0.008587426,0.106010452,,,,,,,,
,18479,,,,,119,,,,,0.451620489,3.249654531,0.011010628,0.115644358,,,,
0.0001,18499,,,,,,,,,,,,,,,,,
,18499,0.496220171,2.993855476,0.060823616,0.136011019,120,,,,,,,,,,,,
0.0001,18549,,,,,,,,,,,,,,,,,
,18549,0.70768857,5.875607491,0.016111609,0.104016252,120,,,,,,,,,,,,
0.0001,18599,,,,,,,,,,,,,,,,,
,18599,0.427071214,2.359338284,0.012629681,0.178507686,120,,,,,,,,,,,,
,18633,,,,,120,0.408699363,2.854227781,0.012183537,0.111093134,,,,,,,,
,18633,,,,,120,,,,,0.446164817,3.161319733,0.011626843,0.118406087,,,,
0.0001,18649,,,,,,,,,,,,,,,,,
,18649,0.358444333,2.736635923,0.0096699,0.075110838,121,,,,,,,,,,,,
0.0001,18699,,,,,,,,,,,,,,,,,
,18699,0.34008801,2.240733862,0.007166062,0.108848564,121,,,,,,,,,,,,
0.0001,18749,,,,,,,,,,,,,,,,,
,18749,0.471024811,3.529910088,0.008513426,0.109520376,121,,,,,,,,,,,,
,18787,,,,,121,0.395971388,2.749435425,0.011499771,0.109528117,,,,,,,,
,18787,,,,,121,,,,,0.4432832,3.168683052,0.01148491,0.114930086,,,,
0.0001,18799,,,,,,,,,,,,,,,,,
,18799,0.438399106,3.263129711,0.004234546,0.107851565,122,,,,,,,,,,,,
0.0001,18849,,,,,,,,,,,,,,,,,
,18849,0.422632962,2.335899591,0.017717211,0.171325773,122,,,,,,,,,,,,
0.0001,18899,,,,,,,,,,,,,,,,,
,18899,0.372600168,2.897939444,0.004523195,0.078283027,122,,,,,,,,,,,,
,18941,,,,,122,0.413828224,2.851727247,0.011607761,0.117047779,,,,,,,,
,18941,,,,,122,,,,,0.466242671,3.357971668,0.012394309,0.118051209,,,,
0.0001,18949,,,,,,,,,,,,,,,,,
,18949,0.550304055,4.353279114,0.011064278,0.103911869,123,,,,,,,,,,,,
0.0001,18999,,,,,,,,,,,,,,,,,
,18999,0.44961217,2.545965672,0.006491587,0.188524008,123,,,,,,,,,,,,
0.0001,19049,,,,,,,,,,,,,,,,,
,19049,0.462589979,2.806742191,0.054985587,0.126930118,123,,,,,,,,,,,,
,19095,,,,,123,0.416326672,2.99247098,0.008841293,0.108238176,,,,,,,,
,19095,,,,,123,,,,,0.445914358,3.161324024,0.01332443,0.116457552,,,,
0.0001,19099,,,,,,,,,,,,,,,,,
,19099,0.4909693,2.882983923,0.00952594,0.193144962,124,,,,,,,,,,,,
0.0001,19149,,,,,,,,,,,,,,,,,
,19149,0.53097868,4.285066605,0.01377905,0.088693038,124,,,,,,,,,,,,
0.0001,19199,,,,,,,,,,,,,,,,,
,19199,0.58733803,4.626830101,0.004226204,0.120428845,124,,,,,,,,,,,,
0.0001,19249,,,,,,,,,,,,,,,,,
,19249,0.512428999,4.516579628,0.011259255,0.04951179,124,,,,,,,,,,,,
,19249,,,,,124,0.406446725,2.882116795,0.009755135,0.108479872,,,,,,,,
,19249,,,,,124,,,,,0.459580034,3.31193018,0.013567065,0.114819989,,,,
0.0001,19299,,,,,,,,,,,,,,,,,
,19299,0.372422189,2.496297359,0.028053915,0.094738558,125,,,,,,,,,,,,
0.0001,19349,,,,,,,,,,,,,,,,,
,19349,0.447457463,3.316271305,0.006439671,0.109390676,125,,,,,,,,,,,,
0.0001,19399,,,,,,,,,,,,,,,,,
,19399,0.526749909,4.27351284,0.018994864,0.08040376,125,,,,,,,,,,,,
,19403,,,,,125,0.423023045,2.966912746,0.01026437,0.116067313,,,,,,,,
,19403,,,,,125,,,,,0.444594592,3.190492868,0.012829654,0.11271555,,,,
0.0001,19449,,,,,,,,,,,,,,,,,
,19449,0.527825117,4.296936035,0.012192582,0.085938834,126,,,,,,,,,,,,
0.0001,19499,,,,,,,,,,,,,,,,,
,19499,0.550408363,4.41879034,0.004978716,0.103550628,126,,,,,,,,,,,,
0.0001,19549,,,,,,,,,,,,,,,,,
,19549,0.580434024,4.636565208,0.004956613,0.111820891,126,,,,,,,,,,,,
,19557,,,,,126,0.401943237,2.847548008,0.009538304,0.107650191,,,,,,,,
,19557,,,,,126,,,,,0.461501956,3.343161345,0.012086581,0.11509902,,,,
0.0001,19599,,,,,,,,,,,,,,,,,
,19599,0.48009181,3.171151638,0.007135998,0.155840635,127,,,,,,,,,,,,
0.0001,19649,,,,,,,,,,,,,,,,,
,19649,0.438138187,3.226684809,0.009272158,0.106197551,127,,,,,,,,,,,,
0.0001,19699,,,,,,,,,,,,,,,,,
,19699,0.59578234,4.380648613,0.02206165,0.135655805,127,,,,,,,,,,,,
,19711,,,,,127,0.403518081,2.878376007,0.010812049,0.104868449,,,,,,,,
,19711,,,,,127,,,,,0.445516437,3.173601866,0.012951869,0.115204386,,,,
0.0001,19749,,,,,,,,,,,,,,,,,
,19749,0.460307688,2.916755676,0.011226512,0.1574056,128,,,,,,,,,,,,
0.0001,19799,,,,,,,,,,,,,,,,,
,19799,0.640424609,4.721340179,0.053838011,0.114452608,128,,,,,,,,,,,,
0.0001,19849,,,,,,,,,,,,,,,,,
,19849,0.498738468,3.664910316,0.007085647,0.125161797,128,,,,,,,,,,,,
,19865,,,,,128,0.423265606,3.025520325,0.011514979,0.109198622,,,,,,,,
,19865,,,,,128,,,,,0.449560404,3.204907894,0.012355,0.116714656,,,,
0.0001,19899,,,,,,,,,,,,,,,,,
,19899,0.339366198,2.039572001,0.01127784,0.124131165,129,,,,,,,,,,,,
0.0001,19949,,,,,,,,,,,,,,,,,
,19949,0.271737099,1.395318985,0.004264573,0.127940625,129,,,,,,,,,,,,
0.0001,19999,,,,,,,,,,,,,,,,,
,19999,0.378103912,2.1388731,0.0042041,0.160012484,129,,,,,,,,,,,,
,20019,,,,,129,0.398494214,2.762982845,0.011352255,0.110843606,,,,,,,,
,20019,,,,,129,,,,,0.446928591,3.220017195,0.012440097,0.112486795,,,,
0.0001,20049,,,,,,,,,,,,,,,,,
,20049,0.519621134,3.480191708,0.005230541,0.16637142,130,,,,,,,,,,,,
0.0001,20099,,,,,,,,,,,,,,,,,
,20099,0.389122874,2.317137241,0.00319359,0.154215544,130,,,,,,,,,,,,
0.0001,20149,,,,,,,,,,,,,,,,,
,20149,0.452382177,3.421274662,0.008317078,0.101937637,130,,,,,,,,,,,,
,20173,,,,,130,0.408588678,2.854833603,0.009274266,0.113831021,,,,,,,,
,20173,,,,,130,,,,,0.463262826,3.348664522,0.012738845,0.115657426,,,,
0.0001,20199,,,,,,,,,,,,,,,,,
,20199,0.503742099,3.622924805,0.012404047,0.129045576,131,,,,,,,,,,,,
0.0001,20249,,,,,,,,,,,,,,,,,
,20249,0.3333323,2.533416271,0.010739872,0.0692508,131,,,,,,,,,,,,
0.0001,20299,,,,,,,,,,,,,,,,,
,20299,0.274075687,1.733601332,0.00315022,0.097565316,131,,,,,,,,,,,,
,20327,,,,,131,0.390633702,2.766758919,0.009793331,0.104164384,,,,,,,,
,20327,,,,,131,,,,,0.464938492,3.366961718,0.013015909,0.115226313,,,,
0.0001,20349,,,,,,,,,,,,,,,,,
,20349,0.655537367,4.982287407,0.009155804,0.148152828,132,,,,,,,,,,,,
0.0001,20399,,,,,,,,,,,,,,,,,
,20399,0.439009398,3.116893291,0.009257866,0.118062228,132,,,,,,,,,,,,
0.0001,20449,,,,,,,,,,,,,,,,,
,20449,0.315349489,2.031006813,0.012608713,0.099640101,132,,,,,,,,,,,,
,20481,,,,,132,0.403731465,2.891100168,0.008997953,0.105623513,,,,,,,,
,20481,,,,,132,,,,,0.453460574,3.266706467,0.012502079,0.114287913,,,,
0.0001,20499,,,,,,,,,,,,,,,,,
,20499,0.442230761,3.725207329,0.006990989,0.06271901,133,,,,,,,,,,,,
0.0001,20549,,,,,,,,,,,,,,,,,
,20549,0.322028309,1.705269456,0.004514189,0.146987185,133,,,,,,,,,,,,
0.0001,20599,,,,,,,,,,,,,,,,,
,20599,0.53849411,4.322668552,0.011312054,0.094915248,133,,,,,,,,,,,,
,20635,,,,,133,0.414712399,2.91148448,0.008848221,0.114715733,,,,,,,,
,20635,,,,,133,,,,,0.457841128,3.279138565,0.013984097,0.115943313,,,,
0.0001,20649,,,,,,,,,,,,,,,,,
,20649,0.386819482,2.706020832,0.016289625,0.099927768,134,,,,,,,,,,,,
0.0001,20699,,,,,,,,,,,,,,,,,
,20699,0.663585663,5.061814785,0.013646426,0.143757731,134,,,,,,,,,,,,
0.0001,20749,,,,,,,,,,,,,,,,,
,20749,0.379416168,2.915048122,0.009102311,0.078809045,134,,,,,,,,,,,,
,20789,,,,,134,0.414790511,2.956299543,0.009051607,0.110109009,,,,,,,,
,20789,,,,,134,,,,,0.466308981,3.429531574,0.01200134,0.111354321,,,,
0.0001,20799,,,,,,,,,,,,,,,,,
,20799,0.371911436,2.61483264,0.008487815,0.101940371,135,,,,,,,,,,,,
0.0001,20849,,,,,,,,,,,,,,,,,
,20849,0.383018613,2.783570766,0.008411494,0.096250042,135,,,,,,,,,,,,
0.0001,20899,,,,,,,,,,,,,,,,,
,20899,0.571107566,4.244835854,0.006634567,0.139989391,135,,,,,,,,,,,,
,20943,,,,,135,0.403592795,2.792696714,0.010760436,0.113562621,,,,,,,,
,20943,,,,,135,,,,,0.471103042,3.43470192,0.012888469,0.114744455,,,,
0.0001,20949,,,,,,,,,,,,,,,,,
,20949,0.471567154,2.646801472,0.061203942,0.14568308,136,,,,,,,,,,,,
0.0001,20999,,,,,,,,,,,,,,,,,
,20999,0.517389119,3.621511221,0.005903878,0.149334133,136,,,,,,,,,,,,
0.0001,21049,,,,,,,,,,,,,,,,,
,21049,0.430771858,3.476880312,0.007396185,0.075687662,136,,,,,,,,,,,,
,21097,,,,,136,0.400144011,2.753169775,0.009135758,0.115691274,,,,,,,,
,21097,,,,,136,,,,,0.446337521,3.185174465,0.0112362,0.116583854,,,,
0.0001,21099,,,,,,,,,,,,,,,,,
,21099,0.45704186,3.610374451,0.002422497,0.0935819,137,,,,,,,,,,,,
0.0001,21149,,,,,,,,,,,,,,,,,
,21149,0.402505159,2.438653946,0.007953936,0.150685847,137,,,,,,,,,,,,
0.0001,21199,,,,,,,,,,,,,,,,,
,21199,0.311142743,2.133237362,0.008684779,0.089134239,137,,,,,,,,,,,,
0.0001,21249,,,,,,,,,,,,,,,,,
,21249,0.38197428,3.028717518,0.004378995,0.074723497,137,,,,,,,,,,,,
,21251,,,,,137,0.396180362,2.704525709,0.00915257,0.116575167,,,,,,,,
,21251,,,,,137,,,,,0.460592806,3.347252607,0.010505867,0.115361668,,,,
0.0001,21299,,,,,,,,,,,,,,,,,
,21299,0.489510626,3.727054596,0.008893797,0.107911378,138,,,,,,,,,,,,
0.0001,21349,,,,,,,,,,,,,,,,,
,21349,0.481404603,3.562683582,0.013904028,0.111232221,138,,,,,,,,,,,,
0.0001,21399,,,,,,,,,,,,,,,,,
,21399,0.464701653,3.122416019,0.008189697,0.144270331,138,,,,,,,,,,,,
,21405,,,,,138,0.396559864,2.700977325,0.011305395,0.115156718,,,,,,,,
,21405,,,,,138,,,,,0.457908988,3.308253527,0.011206653,0.115877129,,,,
0.0001,21449,,,,,,,,,,,,,,,,,
,21449,0.500207424,3.912037849,0.005265844,0.103737786,139,,,,,,,,,,,,
0.0001,21499,,,,,,,,,,,,,,,,,
,21499,0.3519696,2.300722122,0.006036011,0.115861371,139,,,,,,,,,,,,
0.0001,21549,,,,,,,,,,,,,,,,,
,21549,0.460696161,3.143051147,0.010456437,0.135934591,139,,,,,,,,,,,,
,21559,,,,,139,0.393560618,2.742115259,0.009154205,0.11019484,,,,,,,,
,21559,,,,,139,,,,,0.455814689,3.30595994,0.011621712,0.11359705,,,,
0.0001,21599,,,,,,,,,,,,,,,,,
,21599,0.387400657,2.693452835,0.007600897,0.1104545,140,,,,,,,,,,,,
0.0001,21649,,,,,,,,,,,,,,,,,
,21649,0.425643355,2.873355389,0.004174956,0.134132847,140,,,,,,,,,,,,
0.0001,21699,,,,,,,,,,,,,,,,,
,21699,0.389262199,2.998460293,0.008795517,0.080620646,140,,,,,,,,,,,,
,21713,,,,,140,0.427750319,3.156382322,0.009717409,0.10239473,,,,,,,,
,21713,,,,,140,,,,,0.450202286,3.258904934,0.012079443,0.112232409,,,,
0.0001,21749,,,,,,,,,,,,,,,,,
,21749,0.41329515,2.95777297,0.008385493,0.109132357,141,,,,,,,,,,,,
0.0001,21799,,,,,,,,,,,,,,,,,
,21799,0.375665665,2.596026421,0.013078536,0.102984525,141,,,,,,,,,,,,
0.0001,21849,,,,,,,,,,,,,,,,,
,21849,0.565435052,4.356584549,0.005291734,0.124484837,141,,,,,,,,,,,,
,21867,,,,,141,0.406760395,2.871755362,0.010388874,0.10919603,,,,,,,,
,21867,,,,,141,,,,,0.447009504,3.208195448,0.010796555,0.1153934,,,,
0.0001,21899,,,,,,,,,,,,,,,,,
,21899,0.601495385,4.734728813,0.009442297,0.1185802,142,,,,,,,,,,,,
0.0001,21949,,,,,,,,,,,,,,,,,
,21949,0.388923615,2.584736824,0.004870715,0.125579223,142,,,,,,,,,,,,
0.0001,21999,,,,,,,,,,,,,,,,,
,21999,0.345870227,2.157082081,0.003666511,0.12649551,142,,,,,,,,,,,,
,22021,,,,,142,0.417608768,2.973548889,0.010382069,0.109871827,,,,,,,,
,22021,,,,,142,,,,,0.451279938,3.283255577,0.010608013,0.112346344,,,,
0.0001,22049,,,,,,,,,,,,,,,,,
,22049,0.301342487,1.897910595,0.006760999,0.104790404,143,,,,,,,,,,,,
0.0001,22099,,,,,,,,,,,,,,,,,
,22099,0.399273753,2.589418411,0.00882918,0.131502688,143,,,,,,,,,,,,
0.0001,22149,,,,,,,,,,,,,,,,,
,22149,0.273066998,1.620645761,0.006377039,0.104625374,143,,,,,,,,,,,,
,22175,,,,,143,0.413224548,2.896355867,0.010146008,0.113443002,,,,,,,,
,22175,,,,,143,,,,,0.453554809,3.286149025,0.012523879,0.112416096,,,,
0.0001,22199,,,,,,,,,,,,,,,,,
,22199,0.414871931,2.873688459,0.003443117,0.124059975,144,,,,,,,,,,,,
0.0001,22249,,,,,,,,,,,,,,,,,
,22249,0.412926942,2.992240191,0.00447539,0.109227523,144,,,,,,,,,,,,
0.0001,22299,,,,,,,,,,,,,,,,,
,22299,0.341057926,2.493640423,0.028482966,0.063210919,144,,,,,,,,,,,,
,22329,,,,,144,0.403006047,2.855404139,0.009074278,0.108391352,,,,,,,,
,22329,,,,,144,,,,,0.446732402,3.237076521,0.011311575,0.111713134,,,,
0.0001,22349,,,,,,,,,,,,,,,,,
,22349,0.366872489,2.240046501,0.014612956,0.128254876,145,,,,,,,,,,,,
0.0001,22399,,,,,,,,,,,,,,,,,
,22399,0.617235959,4.867114067,0.012043475,0.118481062,145,,,,,,,,,,,,
0.0001,22449,,,,,,,,,,,,,,,,,
,22449,0.399387121,2.602192879,0.019702774,0.119465083,145,,,,,,,,,,,,
,22483,,,,,145,0.418064356,2.937397957,0.011528207,0.112796426,,,,,,,,
,22483,,,,,145,,,,,0.452982992,3.3132267,0.011127705,0.110532552,,,,
0.0001,22499,,,,,,,,,,,,,,,,,
,22499,0.528849781,4.165278435,0.006242477,0.106079489,146,,,,,,,,,,,,
0.0001,22549,,,,,,,,,,,,,,,,,
,22549,0.548195183,4.257575035,0.005363367,0.117074311,146,,,,,,,,,,,,
0.0001,22599,,,,,,,,,,,,,,,,,
,22599,0.339522958,2.095846653,0.005716386,0.124221884,146,,,,,,,,,,,,
,22637,,,,,146,0.392579198,2.737262487,0.007833802,0.111019194,,,,,,,,
,22637,,,,,146,,,,,0.455461711,3.306623936,0.011563569,0.113235772,,,,
0.0001,22649,,,,,,,,,,,,,,,,,
,22649,0.358372867,2.197207689,0.024223903,0.114428222,147,,,,,,,,,,,,
0.0001,22699,,,,,,,,,,,,,,,,,
,22699,0.519194245,4.077278137,0.012049738,0.099416733,147,,,,,,,,,,,,
0.0001,22749,,,,,,,,,,,,,,,,,
,22749,0.482704371,3.782626152,0.005677635,0.098764136,147,,,,,,,,,,,,
,22791,,,,,147,0.405156761,2.812164307,0.00842022,0.115520164,,,,,,,,
,22791,,,,,147,,,,,0.454747498,3.272207737,0.01190772,0.115618944,,,,
0.0001,22799,,,,,,,,,,,,,,,,,
,22799,0.350924402,2.372244835,0.005222794,0.108477116,148,,,,,,,,,,,,
0.0001,22849,,,,,,,,,,,,,,,,,
,22849,0.319576293,2.123432875,0.006445679,0.100787304,148,,,,,,,,,,,,
0.0001,22899,,,,,,,,,,,,,,,,,
,22899,0.432077646,3.028813601,0.01466915,0.114527151,148,,,,,,,,,,,,
,22945,,,,,148,0.405629814,2.877955437,0.010165637,0.107668675,,,,,,,,
,22945,,,,,148,,,,,0.445304483,3.182484388,0.012260864,0.114795297,,,,
0.0001,22949,,,,,,,,,,,,,,,,,
,22949,0.382142007,2.70208025,0.007000297,0.104933679,149,,,,,,,,,,,,
0.0001,22999,,,,,,,,,,,,,,,,,
,22999,0.375514627,2.845443249,0.00507424,0.085896082,149,,,,,,,,,,,,
0.0001,23049,,,,,,,,,,,,,,,,,
,23049,0.458532274,3.495571613,0.004652582,0.10432256,149,,,,,,,,,,,,
0.0001,23099,,,,,,,,,,,,,,,,,
,23099,0.231119961,0.998258293,0.003135666,0.12815845,149,,,,,,,,,,,,
,23099,,,,,149,0.398914635,2.780699253,0.011145933,0.109698698,,,,,,,,
,23099,,,,,149,,,,,0.450517863,3.28816247,0.01181448,0.109887302,,,,
0.0001,23149,,,,,,,,,,,,,,,,,
,23149,0.417855799,3.122612,0.00568704,0.099907562,150,,,,,,,,,,,,
0.0001,23199,,,,,,,,,,,,,,,,,
,23199,0.443760425,3.265220881,0.010085239,0.107153103,150,,,,,,,,,,,,
0.0001,23249,,,,,,,,,,,,,,,,,
,23249,0.475129545,3.640910625,0.007298374,0.103740089,150,,,,,,,,,,,,
,23253,,,,,150,0.422260851,2.980304956,0.014081459,0.110148944,,,,,,,,
,23253,,,,,150,,,,,0.451650947,3.267123461,0.011865458,0.113073155,,,,
0.0001,23299,,,,,,,,,,,,,,,,,
,23299,0.485406786,3.736116409,0.006351518,0.105443627,151,,,,,,,,,,,,
0.0001,23349,,,,,,,,,,,,,,,,,
,23349,0.474408329,3.468963861,0.014824632,0.112687305,151,,,,,,,,,,,,
0.0001,23399,,,,,,,,,,,,,,,,,
,23399,0.400075465,3.147054195,0.004142165,0.081227884,151,,,,,,,,,,,,
,23407,,,,,151,0.403535932,2.755280733,0.012286802,0.115721107,,,,,,,,
,23407,,,,,151,,,,,0.458281755,3.299151421,0.011797731,0.116568767,,,,
0.0001,23449,,,,,,,,,,,,,,,,,
,23449,0.474309802,3.819969654,0.012691123,0.079621732,152,,,,,,,,,,,,
0.0001,23499,,,,,,,,,,,,,,,,,
,23499,0.307180345,2.154463768,0.006366313,0.08536765,152,,,,,,,,,,,,
0.0001,23549,,,,,,,,,,,,,,,,,
,23549,0.427820027,3.211999416,0.006916379,0.099703699,152,,,,,,,,,,,,
,23561,,,,,152,0.390638441,2.738231897,0.009132599,0.107682593,,,,,,,,
,23561,,,,,152,,,,,0.454129189,3.338935375,0.0094197,0.110816024,,,,
0.0001,23599,,,,,,,,,,,,,,,,,
,23599,0.416196853,3.108863354,0.011778647,0.093531854,153,,,,,,,,,,,,
0.0001,23649,,,,,,,,,,,,,,,,,
,23649,0.400846034,2.94893384,0.0072287,0.098723933,153,,,,,,,,,,,,
0.0001,23699,,,,,,,,,,,,,,,,,
,23699,0.357918173,2.287186146,0.029591471,0.099608071,153,,,,,,,,,,,,
,23715,,,,,153,0.404769689,2.849930048,0.009873922,0.10990271,,,,,,,,
,23715,,,,,153,,,,,0.45262143,3.270248413,0.01220948,0.113387078,,,,
0.0001,23749,,,,,,,,,,,,,,,,,
,23749,0.375735015,2.522217274,0.007680843,0.115832426,154,,,,,,,,,,,,
0.0001,23799,,,,,,,,,,,,,,,,,
,23799,0.409350514,3.215016365,0.011364434,0.076484464,154,,,,,,,,,,,,
0.0001,23849,,,,,,,,,,,,,,,,,
,23849,0.404711574,2.527920246,0.034762904,0.117156684,154,,,,,,,,,,,,
,23869,,,,,154,0.393057615,2.693011999,0.009015959,0.114740461,,,,,,,,
,23869,,,,,154,,,,,0.45482412,3.306944609,0.011367283,0.112762384,,,,
0.0001,23899,,,,,,,,,,,,,,,,,
,23899,0.295589387,1.985376477,0.009303823,0.087747931,155,,,,,,,,,,,,
0.0001,23949,,,,,,,,,,,,,,,,,
,23949,0.295906395,1.935492992,0.004911413,0.097445711,155,,,,,,,,,,,,
0.0001,23999,,,,,,,,,,,,,,,,,
,23999,0.44886288,3.677342176,0.007477863,0.073650807,155,,,,,,,,,,,,
,24023,,,,,155,0.404496908,2.773496628,0.012318016,0.114829168,,,,,,,,
,24023,,,,,155,,,,,0.454675406,3.292665958,0.01294277,0.112466,,,,
0.0001,24049,,,,,,,,,,,,,,,,,
,24049,0.481071889,3.473389149,0.047756825,0.085976169,156,,,,,,,,,,,,
0.0001,24099,,,,,,,,,,,,,,,,,
,24099,0.391807795,2.783327579,0.01226257,0.101212479,156,,,,,,,,,,,,
0.0001,24149,,,,,,,,,,,,,,,,,
,24149,0.303685635,2.090035677,0.00503305,0.089649007,156,,,,,,,,,,,,
,24177,,,,,156,0.410080492,2.862471104,0.011513709,0.112319753,,,,,,,,
,24177,,,,,156,,,,,0.451560438,3.239782572,0.014450542,0.113131642,,,,
0.0001,24199,,,,,,,,,,,,,,,,,
,24199,0.405681849,2.863687992,0.002912862,0.11640019,157,,,,,,,,,,,,
0.0001,24249,,,,,,,,,,,,,,,,,
,24249,0.397152603,2.847886801,0.0101083,0.102255642,157,,,,,,,,,,,,
0.0001,24299,,,,,,,,,,,,,,,,,
,24299,0.440438271,2.957235098,0.011082772,0.133632034,157,,,,,,,,,,,,
,24331,,,,,157,0.388707519,2.69579339,0.008864937,0.110263281,,,,,,,,
,24331,,,,,157,,,,,0.441169411,3.199175119,0.011594987,0.10965699,,,,
0.0001,24349,,,,,,,,,,,,,,,,,
,24349,0.455136299,3.191016197,0.006981088,0.129053578,158,,,,,,,,,,,,
0.0001,24399,,,,,,,,,,,,,,,,,
,24399,0.475101322,3.416564941,0.020075664,0.113369167,158,,,,,,,,,,,,
0.0001,24449,,,,,,,,,,,,,,,,,
,24449,0.28089422,1.891941786,0.007386327,0.084313706,158,,,,,,,,,,,,
,24485,,,,,158,0.406707287,2.877029419,0.009081264,0.10992305,,,,,,,,
,24485,,,,,158,,,,,0.446521103,3.232755184,0.010616671,0.112628907,,,,
0.0001,24499,,,,,,,,,,,,,,,,,
,24499,0.272155941,1.789045811,0.004900143,0.088351227,159,,,,,,,,,,,,
0.0001,24549,,,,,,,,,,,,,,,,,
,24549,0.445652187,2.922842503,0.013886262,0.139481664,159,,,,,,,,,,,,
0.0001,24599,,,,,,,,,,,,,,,,,
,24599,0.295183599,1.895034194,0.005924781,0.099755391,159,,,,,,,,,,,,
,24639,,,,,159,0.392178744,2.713768244,0.013327778,0.107474081,,,,,,,,
,24639,,,,,159,,,,,0.460083276,3.33168745,0.012923293,0.113991261,,,,
0.0001,24649,,,,,,,,,,,,,,,,,
,24649,0.442314863,3.528682947,0.011980348,0.077466212,160,,,,,,,,,,,,
0.0001,24699,,,,,,,,,,,,,,,,,
,24699,0.380497426,2.256076336,0.030111661,0.124778107,160,,,,,,,,,,,,
0.0001,24749,,,,,,,,,,,,,,,,,
,24749,0.301544487,1.907286406,0.003317225,0.107498586,160,,,,,,,,,,,,
,24793,,,,,160,0.395496845,2.737628937,0.008710059,0.113023892,,,,,,,,
,24793,,,,,160,,,,,0.45325914,3.28621769,0.011022303,0.113614962,,,,
0.0001,24799,,,,,,,,,,,,,,,,,
,24799,0.516793132,3.834030628,0.005043015,0.128347039,161,,,,,,,,,,,,
0.0001,24849,,,,,,,,,,,,,,,,,
,24849,0.307200849,1.870930672,0.005856764,0.114251003,161,,,,,,,,,,,,
0.0001,24899,,,,,,,,,,,,,,,,,
,24899,0.3671031,2.510490417,0.01082735,0.10522671,161,,,,,,,,,,,,
,24947,,,,,161,0.400192261,2.852971315,0.009293962,0.105601117,,,,,,,,
,24947,,,,,161,,,,,0.450947523,3.298477173,0.010827353,0.110272333,,,,
0.0001,24949,,,,,,,,,,,,,,,,,
,24949,0.387975931,2.912416458,0.010088466,0.086645812,162,,,,,,,,,,,,
0.0001,24999,,,,,,,,,,,,,,,,,
,24999,0.366874307,2.40658474,0.005954549,0.120261267,162,,,,,,,,,,,,
0.0001,25049,,,,,,,,,,,,,,,,,
,25049,0.396770537,2.484848976,0.004111792,0.144173861,162,,,,,,,,,,,,
0.0001,25099,,,,,,,,,,,,,,,,,
,25099,0.448845893,3.256076336,0.017371632,0.105866611,162,,,,,,,,,,,,
,25101,,,,,162,0.409665614,2.879597902,0.009372429,0.112333417,,,,,,,,
,25101,,,,,162,,,,,0.441470891,3.152083635,0.01157035,0.114692084,,,,
0.0001,25149,,,,,,,,,,,,,,,,,
,25149,0.653163671,4.698511124,0.008788263,0.174524292,163,,,,,,,,,,,,
0.0001,25199,,,,,,,,,,,,,,,,,
,25199,0.306477994,1.860582471,0.01365553,0.106764212,163,,,,,,,,,,,,
0.0001,25249,,,,,,,,,,,,,,,,,
,25249,0.419531494,2.953449488,0.021200636,0.102985926,163,,,,,,,,,,,,
,25255,,,,,163,0.383651942,2.690475464,0.01059558,0.104008861,,,,,,,,
,25255,,,,,163,,,,,0.458274931,3.329842806,0.01181163,0.113478974,,,,
0.0001,25299,,,,,,,,,,,,,,,,,
,25299,0.366602063,2.68881464,0.008985777,0.088734806,164,,,,,,,,,,,,
0.0001,25349,,,,,,,,,,,,,,,,,
,25349,0.404706478,3.24296999,0.005890346,0.074519105,164,,,,,,,,,,,,
0.0001,25399,,,,,,,,,,,,,,,,,
,25399,0.398451626,2.643903255,0.008463263,0.125598028,164,,,,,,,,,,,,
,25409,,,,,164,0.418999583,2.907673836,0.012024345,0.116207883,,,,,,,,
,25409,,,,,164,,,,,0.463860929,3.388523102,0.012476114,0.112532586,,,,
0.0001,25449,,,,,,,,,,,,,,,,,
,25449,0.365483254,2.281220913,0.005445949,0.131915212,165,,,,,,,,,,,,
0.0001,25499,,,,,,,,,,,,,,,,,
,25499,0.360609472,2.573041439,0.007168275,0.096137047,165,,,,,,,,,,,,
0.0001,25549,,,,,,,,,,,,,,,,,
,25549,0.561228752,4.198028088,0.011452656,0.129973263,165,,,,,,,,,,,,
,25563,,,,,165,0.408199906,2.909235716,0.011193726,0.106082514,,,,,,,,
,25563,,,,,165,,,,,0.461739391,3.354230165,0.010539936,0.115776367,,,,
0.0001,25599,,,,,,,,,,,,,,,,,
,25599,0.7710675,6.02116394,0.03761971,0.131331384,166,,,,,,,,,,,,
0.0001,25649,,,,,,,,,,,,,,,,,
,25649,1.024104834,8.404384613,0.017155804,0.166510433,166,,,,,,,,,,,,
0.0001,25699,,,,,,,,,,,,,,,,,
,25699,0.360924423,2.493844748,0.008035006,0.103504926,166,,,,,,,,,,,,
,25717,,,,,166,0.424639195,2.983807564,0.009156215,0.117102273,,,,,,,,
,25717,,,,,166,,,,,0.44630748,3.184688091,0.013502333,0.114336185,,,,
0.0001,25749,,,,,,,,,,,,,,,,,
,25749,0.421682894,3.083199501,0.007662796,0.105700105,167,,,,,,,,,,,,
0.0001,25799,,,,,,,,,,,,,,,,,
,25799,0.281333387,1.47537756,0.004539865,0.129255772,167,,,,,,,,,,,,
0.0001,25849,,,,,,,,,,,,,,,,,
,25849,0.50608176,4.109755516,0.012633061,0.082473107,167,,,,,,,,,,,,
,25871,,,,,167,0.386528552,2.64236474,0.011318213,0.110973924,,,,,,,,
,25871,,,,,167,,,,,0.457004428,3.33202672,0.010027656,0.113774143,,,,
0.0001,25899,,,,,,,,,,,,,,,,,
,25899,0.531499445,4.389026165,0.009923952,0.082672872,168,,,,,,,,,,,,
0.0001,25949,,,,,,,,,,,,,,,,,
,25949,0.479332983,3.563075304,0.009099892,0.113925561,168,,,,,,,,,,,,
0.0001,25999,,,,,,,,,,,,,,,,,
,25999,0.409576595,2.644350052,0.017761152,0.127380461,168,,,,,,,,,,,,
,26025,,,,,168,0.412355751,2.929688931,0.010890927,0.108495943,,,,,,,,
,26025,,,,,168,,,,,0.460369378,3.327620745,0.01215421,0.115453131,,,,
0.0001,26049,,,,,,,,,,,,,,,,,
,26049,0.422168225,3.059118748,0.018766424,0.097489916,169,,,,,,,,,,,,
0.0001,26099,,,,,,,,,,,,,,,,,
,26099,0.373790503,2.665925503,0.003902844,0.103295095,169,,,,,,,,,,,,
0.0001,26149,,,,,,,,,,,,,,,,,
,26149,0.382728696,2.260678291,0.007037532,0.149623349,169,,,,,,,,,,,,
,26179,,,,,169,0.408513963,2.829534054,0.011089512,0.114470892,,,,,,,,
,26179,,,,,169,,,,,0.459583014,3.346517563,0.012027802,0.11290352,,,,
0.0001,26199,,,,,,,,,,,,,,,,,
,26199,0.497254848,4.028617859,0.006262441,0.088130578,170,,,,,,,,,,,,
0.0001,26249,,,,,,,,,,,,,,,,,
,26249,0.436507195,3.048718929,0.004768744,0.126866549,170,,,,,,,,,,,,
0.0001,26299,,,,,,,,,,,,,,,,,
,26299,0.333464324,1.774900556,0.024931455,0.131042823,170,,,,,,,,,,,,
,26333,,,,,170,0.375625551,2.566234827,0.009568448,0.109433696,,,,,,,,
,26333,,,,,170,,,,,0.452388138,3.270996332,0.013037266,0.112251289,,,,
0.0001,26349,,,,,,,,,,,,,,,,,
,26349,0.583625078,4.314805031,0.018534942,0.133609593,171,,,,,,,,,,,,
0.0001,26399,,,,,,,,,,,,,,,,,
,26399,0.365736485,2.830692768,0.010649316,0.072017893,171,,,,,,,,,,,,
0.0001,26449,,,,,,,,,,,,,,,,,
,26449,0.63073647,5.214672565,0.008422655,0.100846522,171,,,,,,,,,,,,
,26487,,,,,171,0.415135711,2.93325448,0.008769783,0.113040514,,,,,,,,
,26487,,,,,171,,,,,0.453150719,3.282230377,0.011600955,0.113326728,,,,
0.0001,26499,,,,,,,,,,,,,,,,,
,26499,0.267304242,1.61823225,0.006838568,0.098642454,172,,,,,,,,,,,,
0.0001,26549,,,,,,,,,,,,,,,,,
,26549,0.590740085,4.670436859,0.024706114,0.098990291,172,,,,,,,,,,,,
0.0001,26599,,,,,,,,,,,,,,,,,
,26599,0.403679579,2.693975687,0.006303506,0.127978504,172,,,,,,,,,,,,
,26641,,,,,172,0.385237515,2.699954033,0.009935881,0.105306216,,,,,,,,
,26641,,,,,172,,,,,0.464298755,3.384034872,0.012646729,0.113248564,,,,
0.0001,26649,,,,,,,,,,,,,,,,,
,26649,0.308428705,2.319139957,0.008752799,0.06776192,173,,,,,,,,,,,,
0.0001,26699,,,,,,,,,,,,,,,,,
,26699,0.473890126,3.309797525,0.011196107,0.131714255,173,,,,,,,,,,,,
0.0001,26749,,,,,,,,,,,,,,,,,
,26749,0.511190534,3.18557024,0.031207081,0.16142641,173,,,,,,,,,,,,
,26795,,,,,173,0.40207085,2.778315783,0.010309968,0.11392922,,,,,,,,
,26795,,,,,173,,,,,0.459010541,3.331053257,0.01123496,0.114670157,,,,
6.00E-05,26799,,,,,,,,,,,,,,,,,
,26799,0.450537831,3.051405668,0.005628115,0.139769167,174,,,,,,,,,,,,
6.00E-05,26849,,,,,,,,,,,,,,,,,
,26849,0.417464525,3.123573065,0.012691594,0.092415631,174,,,,,,,,,,,,
6.00E-05,26899,,,,,,,,,,,,,,,,,
,26899,0.498584092,3.442905903,0.014198204,0.140095294,174,,,,,,,,,,,,
6.00E-05,26949,,,,,,,,,,,,,,,,,
,26949,0.399561793,2.432738543,0.014003073,0.142284825,174,,,,,,,,,,,,
,26949,,,,,174,0.416768819,2.869794369,0.011383636,0.11840573,,,,,,,,
,26949,,,,,174,,,,,0.449627221,3.242324114,0.012235925,0.113159008,,,,
6.00E-05,26999,,,,,,,,,,,,,,,,,
,26999,0.388154238,2.520725965,0.005079452,0.131002173,175,,,,,,,,,,,,
6.00E-05,27049,,,,,,,,,,,,,,,,,
,27049,0.351469666,2.739486694,0.007550707,0.06997028,175,,,,,,,,,,,,
6.00E-05,27099,,,,,,,,,,,,,,,,,
,27099,0.58213979,4.238928318,0.013647344,0.144599646,175,,,,,,,,,,,,
,27103,,,,,175,0.418064564,2.980819702,0.009756544,0.110226117,,,,,,,,
,27103,,,,,175,,,,,0.431937903,3.09521246,0.012988125,0.109428659,,,,
6.00E-05,27149,,,,,,,,,,,,,,,,,
,27149,0.394447148,2.739196062,0.016204439,0.104323059,176,,,,,,,,,,,,
6.00E-05,27199,,,,,,,,,,,,,,,,,
,27199,0.402112544,3.043554306,0.013164322,0.084592775,176,,,,,,,,,,,,
6.00E-05,27249,,,,,,,,,,,,,,,,,
,27249,0.970655918,7.826841354,0.047191456,0.1407803,176,,,,,,,,,,,,
,27257,,,,,176,0.392769992,2.780386925,0.009918177,0.104812995,,,,,,,,
,27257,,,,,176,,,,,0.449077398,3.259762049,0.01015061,0.112950429,,,,
6.00E-05,27299,,,,,,,,,,,,,,,,,
,27299,0.323898643,2.203074455,0.005832985,0.097758219,177,,,,,,,,,,,,
6.00E-05,27349,,,,,,,,,,,,,,,,,
,27349,0.363197595,2.508587837,0.011770967,0.100567855,177,,,,,,,,,,,,
6.00E-05,27399,,,,,,,,,,,,,,,,,
,27399,0.449819177,2.652703762,0.004039547,0.180509254,177,,,,,,,,,,,,
,27411,,,,,177,0.410147756,2.91479516,0.010232761,0.108435363,,,,,,,,
,27411,,,,,177,,,,,0.446396977,3.28384304,0.011335419,0.106677316,,,,
6.00E-05,27449,,,,,,,,,,,,,,,,,
,27449,0.711689711,4.770345688,0.140867993,0.093787178,178,,,,,,,,,,,,
6.00E-05,27499,,,,,,,,,,,,,,,,,
,27499,0.407145023,3.043506622,0.008187117,0.094607227,178,,,,,,,,,,,,
6.00E-05,27549,,,,,,,,,,,,,,,,,
,27549,0.46794042,3.488043308,0.007769048,0.111367062,178,,,,,,,,,,,,
,27565,,,,,178,0.406566858,2.880243301,0.011586007,0.106956467,,,,,,,,
,27565,,,,,178,,,,,0.454768211,3.267650127,0.012527274,0.115476042,,,,
6.00E-05,27599,,,,,,,,,,,,,,,,,
,27599,0.872673213,6.875686646,0.027694333,0.157410234,179,,,,,,,,,,,,
6.00E-05,27649,,,,,,,,,,,,,,,,,
,27649,0.391765356,2.768413544,0.006897277,0.108026698,179,,,,,,,,,,,,
6.00E-05,27699,,,,,,,,,,,,,,,,,
,27699,0.325059921,2.21842432,0.003188083,0.100029379,179,,,,,,,,,,,,
,27719,,,,,179,0.421740472,3.011080027,0.009034686,0.111597709,,,,,,,,
,27719,,,,,179,,,,,0.453174204,3.267490625,0.012271377,0.114153579,,,,
6.00E-05,27749,,,,,,,,,,,,,,,,,
,27749,0.338119328,2.308717251,0.029099356,0.078148246,180,,,,,,,,,,,,
6.00E-05,27799,,,,,,,,,,,,,,,,,
,27799,0.549039483,3.935652256,0.003097659,0.152376533,180,,,,,,,,,,,,
6.00E-05,27849,,,,,,,,,,,,,,,,,
,27849,0.628695786,5.064909458,0.004487975,0.117716871,180,,,,,,,,,,,,
,27873,,,,,180,0.402037412,2.82684803,0.008209744,0.111142896,,,,,,,,
,27873,,,,,180,,,,,0.456116766,3.345282316,0.01228964,0.109298989,,,,
6.00E-05,27899,,,,,,,,,,,,,,,,,
,27899,0.644173026,5.056716442,0.006808542,0.131692871,181,,,,,,,,,,,,
6.00E-05,27949,,,,,,,,,,,,,,,,,
,27949,0.341246307,2.090651512,0.003942011,0.128239155,181,,,,,,,,,,,,
6.00E-05,27999,,,,,,,,,,,,,,,,,
,27999,0.46228385,3.227778673,0.027729651,0.111776352,181,,,,,,,,,,,,
,28027,,,,,181,0.402992845,2.89492774,0.009352284,0.104147695,,,,,,,,
,28027,,,,,181,,,,,0.455818802,3.337327003,0.011748308,0.110337853,,,,
6.00E-05,28049,,,,,,,,,,,,,,,,,
,28049,0.602961659,4.576159954,0.016291056,0.129054621,182,,,,,,,,,,,,
6.00E-05,28099,,,,,,,,,,,,,,,,,
,28099,0.295221508,2.211751699,0.007434016,0.066612303,182,,,,,,,,,,,,
6.00E-05,28149,,,,,,,,,,,,,,,,,
,28149,0.665470004,5.199102402,0.022586912,0.122972824,182,,,,,,,,,,,,
,28181,,,,,182,0.42255187,3.012321472,0.011081933,0.110237747,,,,,,,,
,28181,,,,,182,,,,,0.440144509,3.179718494,0.012592418,0.109580033,,,,
6.00E-05,28199,,,,,,,,,,,,,,,,,
,28199,0.338275582,2.038693666,0.007060749,0.127345473,183,,,,,,,,,,,,
6.00E-05,28249,,,,,,,,,,,,,,,,,
,28249,0.576010406,4.215555668,0.007613301,0.146841511,183,,,,,,,,,,,,
6.00E-05,28299,,,,,,,,,,,,,,,,,
,28299,0.810088396,6.372156143,0.021131331,0.15174149,183,,,,,,,,,,,,
,28335,,,,,183,0.404272169,2.906191826,0.007969171,0.105683796,,,,,,,,
,28335,,,,,183,,,,,0.464729309,3.385366678,0.012738823,0.11345382,,,,
6.00E-05,28349,,,,,,,,,,,,,,,,,
,28349,0.506759048,3.726713419,0.012091972,0.121995799,184,,,,,,,,,,,,
6.00E-05,28399,,,,,,,,,,,,,,,,,
,28399,0.378436804,2.675110579,0.007628212,0.103297524,184,,,,,,,,,,,,
6.00E-05,28449,,,,,,,,,,,,,,,,,
,28449,0.509509325,3.911014318,0.011189329,0.107218564,184,,,,,,,,,,,,
,28489,,,,,184,0.405422568,2.866311073,0.009977145,0.108814366,,,,,,,,
,28489,,,,,184,,,,,0.448706448,3.262394428,0.011038781,0.111428328,,,,
6.00E-05,28499,,,,,,,,,,,,,,,,,
,28499,0.513174236,4.193037987,0.011501756,0.082368687,185,,,,,,,,,,,,
6.00E-05,28549,,,,,,,,,,,,,,,,,
,28549,0.32183221,2.58505559,0.008358307,0.05496832,185,,,,,,,,,,,,
6.00E-05,28599,,,,,,,,,,,,,,,,,
,28599,0.411650926,2.785880566,0.017375555,0.115687273,185,,,,,,,,,,,,
,28643,,,,,185,0.409539223,2.934713602,0.009130748,0.106937073,,,,,,,,
,28643,,,,,185,,,,,0.449153215,3.248690367,0.011934401,0.112349875,,,,
6.00E-05,28649,,,,,,,,,,,,,,,,,
,28649,0.504122972,3.887436628,0.006677909,0.108701453,186,,,,,,,,,,,,
6.00E-05,28699,,,,,,,,,,,,,,,,,
,28699,0.388707638,2.320519924,0.026937174,0.129718482,186,,,,,,,,,,,,
6.00E-05,28749,,,,,,,,,,,,,,,,,
,28749,0.527417898,3.991872311,0.004682269,0.123548426,186,,,,,,,,,,,,
,28797,,,,,186,0.415437907,2.966986656,0.011649407,0.107089713,,,,,,,,
,28797,,,,,186,,,,,0.451475263,3.296603441,0.012790379,0.109024659,,,,
6.00E-05,28799,,,,,,,,,,,,,,,,,
,28799,0.488020003,3.444842339,0.011464141,0.132071614,187,,,,,,,,,,,,
6.00E-05,28849,,,,,,,,,,,,,,,,,
,28849,0.348046958,2.444637537,0.002947087,0.100636132,187,,,,,,,,,,,,
6.00E-05,28899,,,,,,,,,,,,,,,,,
,28899,0.382862091,2.914196491,0.005350199,0.086092204,187,,,,,,,,,,,,
6.00E-05,28949,,,,,,,,,,,,,,,,,
,28949,0.490110278,3.662149429,0.004655251,0.119240075,187,,,,,,,,,,,,
,28951,,,,,187,0.395628512,2.78709197,0.010594176,0.106325209,,,,,,,,
,28951,,,,,187,,,,,0.453103006,3.274729252,0.010709325,0.114920728,,,,
6.00E-05,28999,,,,,,,,,,,,,,,,,
,28999,0.318982542,2.220438004,0.003473199,0.093465507,188,,,,,,,,,,,,
6.00E-05,29049,,,,,,,,,,,,,,,,,
,29049,0.447079957,2.917408943,0.006769218,0.148569822,188,,,,,,,,,,,,
6.00E-05,29099,,,,,,,,,,,,,,,,,
,29099,0.383016646,2.516012192,0.008894837,0.122520603,188,,,,,,,,,,,,
,29105,,,,,188,0.409265846,2.895301104,0.009488886,0.110246852,,,,,,,,
,29105,,,,,188,,,,,0.450485438,3.216954231,0.013841624,0.114948332,,,,
6.00E-05,29149,,,,,,,,,,,,,,,,,
,29149,0.393060982,2.592226505,0.018800512,0.115037799,189,,,,,,,,,,,,
6.00E-05,29199,,,,,,,,,,,,,,,,,
,29199,0.414720654,2.639429331,0.016240368,0.134537324,189,,,,,,,,,,,,
6.00E-05,29249,,,,,,,,,,,,,,,,,
,29249,0.55551219,3.903334141,0.008114649,0.15706417,189,,,,,,,,,,,,
,29259,,,,,189,0.426889211,3.027538776,0.013192243,0.110943079,,,,,,,,
,29259,,,,,189,,,,,0.458920479,3.333042622,0.010711367,0.114904732,,,,
6.00E-05,29299,,,,,,,,,,,,,,,,,
,29299,0.373342276,2.71813488,0.003079093,0.0984497,190,,,,,,,,,,,,
6.00E-05,29349,,,,,,,,,,,,,,,,,
,29349,1.042259336,8.54294014,0.019036844,0.168928385,190,,,,,,,,,,,,
6.00E-05,29399,,,,,,,,,,,,,,,,,
,29399,0.413164079,3.151165962,0.005771427,0.092276067,190,,,,,,,,,,,,
,29413,,,,,190,0.416297227,2.961870432,0.011471811,0.108638376,,,,,,,,
,29413,,,,,190,,,,,0.455940008,3.323084354,0.012004801,0.111626759,,,,
6.00E-05,29449,,,,,,,,,,,,,,,,,
,29449,0.435851276,3.256362438,0.008396272,0.10181877,191,,,,,,,,,,,,
6.00E-05,29499,,,,,,,,,,,,,,,,,
,29499,0.454630047,3.276966333,0.023596875,0.103336528,191,,,,,,,,,,,,
6.00E-05,29549,,,,,,,,,,,,,,,,,
,29549,0.386252254,2.955332041,0.002111619,0.088607416,191,,,,,,,,,,,,
,29567,,,,,191,0.422955275,2.994952202,0.014970573,0.108489454,,,,,,,,
,29567,,,,,191,,,,,0.435061365,3.170794487,0.011109398,0.106872484,,,,
6.00E-05,29599,,,,,,,,,,,,,,,,,
,29599,0.384249628,2.122226477,0.002582902,0.169444099,192,,,,,,,,,,,,
6.00E-05,29649,,,,,,,,,,,,,,,,,
,29649,0.429687262,2.776022434,0.01672522,0.135359779,192,,,,,,,,,,,,
6.00E-05,29699,,,,,,,,,,,,,,,,,
,29699,0.241465881,1.243969202,0.00299538,0.114073589,192,,,,,,,,,,,,
,29721,,,,,192,0.404732615,2.878960609,0.010148339,0.106688216,,,,,,,,
,29721,,,,,192,,,,,0.447759718,3.244790554,0.012158083,0.111122571,,,,
6.00E-05,29749,,,,,,,,,,,,,,,,,
,29749,0.295372605,1.571506739,0.005796197,0.132425755,193,,,,,,,,,,,,
6.00E-05,29799,,,,,,,,,,,,,,,,,
,29799,0.863625646,7.539897442,0.009293636,0.100342244,193,,,,,,,,,,,,
6.00E-05,29849,,,,,,,,,,,,,,,,,
,29849,0.588342667,4.566979885,0.005058314,0.126586348,193,,,,,,,,,,,,
,29875,,,,,193,0.416697323,2.95714879,0.008352824,0.112629652,,,,,,,,
,29875,,,,,193,,,,,0.454577297,3.277981758,0.013551331,0.113227569,,,,
6.00E-05,29899,,,,,,,,,,,,,,,,,
,29899,0.294983923,2.173236847,0.005385829,0.072274402,194,,,,,,,,,,,,
6.00E-05,29949,,,,,,,,,,,,,,,,,
,29949,0.778633773,6.53129673,0.043281265,0.082222849,194,,,,,,,,,,,,
6.00E-05,29999,,,,,,,,,,,,,,,,,
,29999,0.802147985,6.569796085,0.035490751,0.109677583,194,,,,,,,,,,,,
,30029,,,,,194,0.417748183,2.923506498,0.013464299,0.111933269,,,,,,,,
,30029,,,,,194,,,,,0.442129761,3.175647974,0.012076746,0.112488165,,,,
6.00E-05,30049,,,,,,,,,,,,,,,,,
,30049,0.386914343,2.804694653,0.007732153,0.098712757,195,,,,,,,,,,,,
6.00E-05,30099,,,,,,,,,,,,,,,,,
,30099,0.320435435,2.040435314,0.004752557,0.111639336,195,,,,,,,,,,,,
6.00E-05,30149,,,,,,,,,,,,,,,,,
,30149,0.604304969,3.744476795,0.009223469,0.220633775,195,,,,,,,,,,,,
,30183,,,,,195,0.419176906,2.907715797,0.012065823,0.116339631,,,,,,,,
,30183,,,,,195,,,,,0.459475994,3.295761824,0.012075579,0.117824286,,,,
6.00E-05,30199,,,,,,,,,,,,,,,,,
,30199,0.348534256,2.614469528,0.010673611,0.076413684,196,,,,,,,,,,,,
6.00E-05,30249,,,,,,,,,,,,,,,,,
,30249,0.26618731,1.612373829,0.00748931,0.097460598,196,,,,,,,,,,,,
6.00E-05,30299,,,,,,,,,,,,,,,,,
,30299,0.530757785,3.819769859,0.021387037,0.127393842,196,,,,,,,,,,,,
,30337,,,,,196,0.401220441,2.784755707,0.009070115,0.113674678,,,,,,,,
,30337,,,,,196,,,,,0.437211782,3.122821093,0.01208883,0.112840809,,,,
6.00E-05,30349,,,,,,,,,,,,,,,,,
,30349,0.370431989,2.888792038,0.007979178,0.073573604,197,,,,,,,,,,,,
6.00E-05,30399,,,,,,,,,,,,,,,,,
,30399,0.46320492,3.454418659,0.014222967,0.10354007,197,,,,,,,,,,,,
6.00E-05,30449,,,,,,,,,,,,,,,,,
,30449,0.396270692,2.397604465,0.008237845,0.14827238,197,,,,,,,,,,,,
,30491,,,,,197,0.418575585,2.966056108,0.010910108,0.111060001,,,,,,,,
,30491,,,,,197,,,,,0.451102078,3.284808874,0.011052404,0.111568719,,,,
6.00E-05,30499,,,,,,,,,,,,,,,,,
,30499,0.474669993,3.734776974,0.008896215,0.092296049,198,,,,,,,,,,,,
6.00E-05,30549,,,,,,,,,,,,,,,,,
,30549,0.558440328,4.324800491,0.011828864,0.114131436,198,,,,,,,,,,,,
6.00E-05,30599,,,,,,,,,,,,,,,,,
,30599,0.702698171,5.632135391,0.028736833,0.110747784,198,,,,,,,,,,,,
,30645,,,,,198,0.40348658,2.899993181,0.008750184,0.104736991,,,,,,,,
,30645,,,,,198,,,,,0.462887198,3.34948802,0.013423485,0.114514865,,,,
6.00E-05,30649,,,,,,,,,,,,,,,,,
,30649,0.555968642,4.112521648,0.015159348,0.129557163,199,,,,,,,,,,,,
6.00E-05,30699,,,,,,,,,,,,,,,,,
,30699,0.562609076,2.854268312,0.018868996,0.258313268,199,,,,,,,,,,,,
6.00E-05,30749,,,,,,,,,,,,,,,,,
,30749,0.407599747,2.924394608,0.01348839,0.101671912,199,,,,,,,,,,,,
6.00E-05,30799,,,,,,,,,,,,,,,,,
,30799,0.230680466,1.770813942,0.007330985,0.046268094,199,,,,,,,,,,,,
,30799,,,,,199,0.410453141,2.832644224,0.014330964,0.112857752,,,,,,,,
,30799,,,,,199,,,,,0.44752115,3.205022097,0.011976217,0.115042701,,,,
