lr-Adam,step,loss_train_step,pos_train_step,cell_train_step,atomic_numbers_train_step,epoch,loss_train_epoch,pos_train_epoch,cell_train_epoch,atomic_numbers_train_epoch,loss_val,pos_val,cell_val,atomic_numbers_val,,loss_train_epoch,loss_val,,,,,,,,,,,,,,,,,,,,,,,,,,,,,,,,,,,,,,,,,,
5.00E-06,49,,,,,,,,,,,,,,1,1.993774533,1.643491983,1,1.643491983,1.643491983,1.338017821,1.404687524,1.690316439,0.781621337,1.218709707,1.32420516,1.170256972,1.076634169,1.178307295,1.01100719,1.254458189,1.22835505,0.994086146,1.1795578,1.186988115,0.939396858,0.900464177,1.280977011,0.777420878,0.701463461,1.212345123,0.939599514,1.1902107,1.02237165,1.331351399,1.12016809,1.044836283,0.959527969,0.821681678,0.915354848,0.630004883,0.984775245,0.881539643,1.172403455,1.099392176,0.872945905,0.681906998,0.913360953,1.280505776
,49,3.07924819,29.11486244,0.033449996,0.1343119,0,,,,,,,,,2,1.867586017,1.338017821,6,1.338017821,,,,,,,,,,,,,,,,,,,,,,,,,,,,,,,,,,,,,,,,
,53,,,,,0,1.993774533,15.76922798,0.075632639,0.341218829,,,,,3,1.987790942,1.404687524,11,1.404687524,,,,,,,,,,,,,,,,,,,,,,,,,,,,,,,,,,,,,,,,
5.00E-06,99,,,,,,,,,,,,,,4,1.789110661,1.690316439,16,1.690316439,,,,,,,,,,,,,,,,,,,,,,,,,,,,,,,,,,,,,,,,
,99,2.788655043,24.67279243,0.085518926,0.235857144,1,,,,,,,,,5,1.454540491,0.781621337,21,0.781621337,,,,,,,,,,,,,,,,,,,,,,,,,,,,,,,,,,,,,,,,
,107,,,,,1,1.867586017,14.16186142,0.069390304,0.382009327,,,,,6,1.745755672,1.218709707,26,1.218709707,,,,,,,,,,,,,,,,,,,,,,,,,,,,,,,,,,,,,,,,
5.00E-06,149,,,,,,,,,,,,,,7,1.541594744,1.32420516,31,1.32420516,,,,,,,,,,,,,,,,,,,,,,,,,,,,,,,,,,,,,,,,
,149,6.543866158,56.32945251,0.372820854,0.538099885,2,,,,,,,,,8,1.522479057,1.170256972,36,1.170256972,,,,,,,,,,,,,,,,,,,,,,,,,,,,,,,,,,,,,,,,
,161,,,,,2,1.987790942,15.97992802,0.078481294,0.311316997,,,,,9,1.788805246,1.076634169,41,1.076634169,,,,,,,,,,,,,,,,,,,,,,,,,,,,,,,,,,,,,,,,
5.00E-06,199,,,,,,,,,,,,,,10,1.802584052,1.178307295,46,1.178307295,,,,,,,,,,,,,,,,,,,,,,,,,,,,,,,,,,,,,,,,
,199,3.513375759,33.20757675,0.064848505,0.127769515,3,,,,,,,,,11,1.700683713,1.01100719,51,1.01100719,,,,,,,,,,,,,,,,,,,,,,,,,,,,,,,,,,,,,,,,
,215,,,,,3,1.789110661,14.34899902,0.058857113,0.29535383,,,,,12,1.825533032,1.254458189,56,1.254458189,,,,,,,,,,,,,,,,,,,,,,,,,,,,,,,,,,,,,,,,
5.00E-06,249,,,,,,,,,,,,,,13,1.696539164,1.22835505,61,1.22835505,,,,,,,,,,,,,,,,,,,,,,,,,,,,,,,,,,,,,,,,
,249,2.712935686,15.63768578,0.227221251,0.92194581,4,,,,,,,,,14,1.481109142,0.994086146,66,0.994086146,,,,,,,,,,,,,,,,,,,,,,,,,,,,,,,,,,,,,,,,
,269,,,,,4,,,,,1.643491983,13.58706665,0.041002247,0.243782789,15,1.555633783,1.1795578,71,1.1795578,,,,,,,,,,,,,,,,,,,,,,,,,,,,,,,,,,,,,,,,
,269,,,,,4,1.454540491,11.00363255,0.072971389,0.281205773,,,,,16,1.475364208,1.186988115,76,1.186988115,,,,,,,,,,,,,,,,,,,,,,,,,,,,,,,,,,,,,,,,
5.00E-06,299,,,,,,,,,,,,,,17,1.554671764,0.939396858,81,0.939396858,,,,,,,,,,,,,,,,,,,,,,,,,,,,,,,,,,,,,,,,
,299,1.439499617,14.13307953,0.020342661,0.005849118,5,,,,,,,,,18,1.425762177,0.900464177,86,0.900464177,,,,,,,,,,,,,,,,,,,,,,,,,,,,,,,,,,,,,,,,
,323,,,,,5,1.745755672,14.39935493,0.049513783,0.256306142,,,,,19,1.665737987,1.280977011,91,1.280977011,,,,,,,,,,,,,,,,,,,,,,,,,,,,,,,,,,,,,,,,
5.00E-06,349,,,,,,,,,,,,,,20,1.405548096,0.777420878,96,0.777420878,,,,,,,,,,,,,,,,,,,,,,,,,,,,,,,,,,,,,,,,
,349,1.992830038,14.94112587,0.030767092,0.467950374,6,,,,,,,,,21,1.263295889,0.701463461,101,0.701463461,,,,,,,,,,,,,,,,,,,,,,,,,,,,,,,,,,,,,,,,
,377,,,,,6,1.541594744,12.47910118,0.0476151,0.246069789,,,,,22,1.458432198,1.212345123,106,1.212345123,,,,,,,,,,,,,,,,,,,,,,,,,,,,,,,,,,,,,,,,
5.00E-06,399,,,,,,,,,,,,,,23,1.272750735,0.939599514,111,0.939599514,,,,,,,,,,,,,,,,,,,,,,,,,,,,,,,,,,,,,,,,
,399,1.361078262,13.02002144,0.031351272,0.027724801,7,,,,,,,,,24,1.470937848,1.1902107,116,1.1902107,,,,,,,,,,,,,,,,,,,,,,,,,,,,,,,,,,,,,,,,
,431,,,,,7,1.522479057,12.04746151,0.049904089,0.267828673,,,,,25,1.673192024,1.02237165,121,1.02237165,,,,,,,,,,,,,,,,,,,,,,,,,,,,,,,,,,,,,,,,
5.00E-06,449,,,,,,,,,,,,,,26,1.384772778,1.331351399,126,1.331351399,,,,,,,,,,,,,,,,,,,,,,,,,,,,,,,,,,,,,,,,
,449,0.990885317,0.178627178,0.03082623,0.942196369,8,,,,,,,,,27,1.611961961,1.12016809,131,1.12016809,,,,,,,,,,,,,,,,,,,,,,,,,,,,,,,,,,,,,,,,
,485,,,,,8,1.788805246,14.60199165,0.066271476,0.262334168,,,,,28,1.090150356,1.044836283,136,1.044836283,,,,,,,,,,,,,,,,,,,,,,,,,,,,,,,,,,,,,,,,
5.00E-06,499,,,,,,,,,,,,,,29,1.339155078,0.959527969,141,0.959527969,,,,,,,,,,,,,,,,,,,,,,,,,,,,,,,,,,,,,,,,
,499,3.131281137,30.40679359,0.056887355,0.033714306,9,,,,,,,,,30,1.68181026,0.821681678,146,0.821681678,,,,,,,,,,,,,,,,,,,,,,,,,,,,,,,,,,,,,,,,
,539,,,,,9,,,,,1.338017821,11.43036175,0.031054884,0.163926587,31,1.463289142,0.915354848,151,0.915354848,,,,,,,,,,,,,,,,,,,,,,,,,,,,,,,,,,,,,,,,
,539,,,,,9,1.802584052,15.07909107,0.052879669,0.241795152,,,,,32,1.653089285,0.630004883,156,0.630004883,,,,,,,,,,,,,,,,,,,,,,,,,,,,,,,,,,,,,,,,
5.00E-06,549,,,,,,,,,,,,,,33,1.156469941,0.984775245,161,0.984775245,,,,,,,,,,,,,,,,,,,,,,,,,,,,,,,,,,,,,,,,
,549,3.902911425,32.7397995,0.06869784,0.560233474,10,,,,,,,,,34,1.455188513,0.881539643,166,0.881539643,,,,,,,,,,,,,,,,,,,,,,,,,,,,,,,,,,,,,,,,
,593,,,,,10,1.700683713,13.6264143,0.079244107,0.258798003,,,,,35,1.162177444,1.172403455,171,1.172403455,,,,,,,,,,,,,,,,,,,,,,,,,,,,,,,,,,,,,,,,
5.00E-06,599,,,,,,,,,,,,,,36,1.3637743,1.099392176,176,1.099392176,,,,,,,,,,,,,,,,,,,,,,,,,,,,,,,,,,,,,,,,
,599,0.195687175,1.687935114,0.008537633,0.018356031,11,,,,,,,,,37,1.238521695,0.872945905,181,0.872945905,,,,,,,,,,,,,,,,,,,,,,,,,,,,,,,,,,,,,,,,
,647,,,,,11,1.825533032,15.3207283,0.050918851,0.242540807,,,,,38,1.514990807,0.681906998,186,0.681906998,,,,,,,,,,,,,,,,,,,,,,,,,,,,,,,,,,,,,,,,
5.00E-06,649,,,,,,,,,,,,,,39,1.239041924,0.913360953,191,0.913360953,,,,,,,,,,,,,,,,,,,,,,,,,,,,,,,,,,,,,,,,
,649,1.36823988,8.707501411,0.012130033,0.485359758,12,,,,,,,,,40,1.131525993,1.280505776,196,1.280505776,,,,,,,,,,,,,,,,,,,,,,,,,,,,,,,,,,,,,,,,
5.00E-06,699,,,,,,,,,,,,,,41,1.230689883,,,,,,,,,,,,,,,,,,,,,,,,,,,,,,,,,,,,,,,,,,,
,699,0.267898649,2.49256444,0.01585399,0.002788199,12,,,,,,,,,42,1.379324436,,,,,,,,,,,,,,,,,,,,,,,,,,,,,,,,,,,,,,,,,,,
,701,,,,,12,1.696539164,13.99398994,0.052798774,0.244341373,,,,,43,1.434887171,,,,,,,,,,,,,,,,,,,,,,,,,,,,,,,,,,,,,,,,,,,
5.00E-06,749,,,,,,,,,,,,,,44,1.372783661,,,,,,,,,,,,,,,,,,,,,,,,,,,,,,,,,,,,,,,,,,,
,749,0.411310911,3.198066711,0.00450315,0.0870011,13,,,,,,,,,45,1.248225689,,,,,,,,,,,,,,,,,,,,,,,,,,,,,,,,,,,,,,,,,,,
,755,,,,,13,1.481109142,12.48594379,0.03816545,0.194349706,,,,,46,1.360752106,,,,,,,,,,,,,,,,,,,,,,,,,,,,,,,,,,,,,,,,,,,
5.00E-06,799,,,,,,,,,,,,,,47,1.212382317,,,,,,,,,,,,,,,,,,,,,,,,,,,,,,,,,,,,,,,,,,,
,799,3.714342117,34.47756195,0.175373882,0.091212116,14,,,,,,,,,48,1.276533008,,,,,,,,,,,,,,,,,,,,,,,,,,,,,,,,,,,,,,,,,,,
,809,,,,,14,,,,,1.404687524,11.9352417,0.039517321,0.171646029,49,1.471533179,,,,,,,,,,,,,,,,,,,,,,,,,,,,,,,,,,,,,,,,,,,
,809,,,,,14,1.555633783,12.59706402,0.055212673,0.240714863,,,,,50,1.365773678,,,,,,,,,,,,,,,,,,,,,,,,,,,,,,,,,,,,,,,,,,,
5.00E-06,849,,,,,,,,,,,,,,51,1.281543016,,,,,,,,,,,,,,,,,,,,,,,,,,,,,,,,,,,,,,,,,,,
,849,1.785787821,15.44039726,0.21712707,0.024620954,15,,,,,,,,,52,1.180277348,,,,,,,,,,,,,,,,,,,,,,,,,,,,,,,,,,,,,,,,,,,
,863,,,,,15,1.475364208,12.62886906,0.042070493,0.170406505,,,,,53,1.506232619,,,,,,,,,,,,,,,,,,,,,,,,,,,,,,,,,,,,,,,,,,,
5.00E-06,899,,,,,,,,,,,,,,54,1.336787462,,,,,,,,,,,,,,,,,,,,,,,,,,,,,,,,,,,,,,,,,,,
,899,1.186060071,11.58722591,0.023286639,0.004050881,16,,,,,,,,,55,1.204141021,,,,,,,,,,,,,,,,,,,,,,,,,,,,,,,,,,,,,,,,,,,
,917,,,,,16,1.554671764,12.89396191,0.051341876,0.213933557,,,,,56,1.375197768,,,,,,,,,,,,,,,,,,,,,,,,,,,,,,,,,,,,,,,,,,,
5.00E-06,949,,,,,,,,,,,,,,57,1.273648143,,,,,,,,,,,,,,,,,,,,,,,,,,,,,,,,,,,,,,,,,,,
,949,0.946273327,6.664144516,0.278187037,0.001671792,17,,,,,,,,,58,1.261424422,,,,,,,,,,,,,,,,,,,,,,,,,,,,,,,,,,,,,,,,,,,
,971,,,,,17,1.425762177,11.47900581,0.079039015,0.198822677,,,,,59,1.26811111,,,,,,,,,,,,,,,,,,,,,,,,,,,,,,,,,,,,,,,,,,,
5.00E-06,999,,,,,,,,,,,,,,60,1.119432569,,,,,,,,,,,,,,,,,,,,,,,,,,,,,,,,,,,,,,,,,,,
,999,0.438518614,1.637549877,0.002231759,0.272531867,18,,,,,,,,,61,1.231016994,,,,,,,,,,,,,,,,,,,,,,,,,,,,,,,,,,,,,,,,,,,
,1025,,,,,18,1.665737987,14.20201874,0.034646586,0.210889801,,,,,62,1.247993588,,,,,,,,,,,,,,,,,,,,,,,,,,,,,,,,,,,,,,,,,,,
5.00E-06,1049,,,,,,,,,,,,,,63,1.100419641,,,,,,,,,,,,,,,,,,,,,,,,,,,,,,,,,,,,,,,,,,,
,1049,1.119790792,9.599134445,0.014744756,0.145132616,19,,,,,,,,,64,1.384311557,,,,,,,,,,,,,,,,,,,,,,,,,,,,,,,,,,,,,,,,,,,
,1079,,,,,19,,,,,1.690316439,14.64084435,0.02097987,0.205251902,65,1.351567745,,,,,,,,,,,,,,,,,,,,,,,,,,,,,,,,,,,,,,,,,,,
,1079,,,,,19,1.405548096,11.37410069,0.053618573,0.214519948,,,,,66,1.07114625,,,,,,,,,,,,,,,,,,,,,,,,,,,,,,,,,,,,,,,,,,,
5.00E-06,1099,,,,,,,,,,,,,,67,1.074635029,,,,,,,,,,,,,,,,,,,,,,,,,,,,,,,,,,,,,,,,,,,
,1099,0.949848294,8.657976151,0.018598566,0.065452099,20,,,,,,,,,68,1.155080199,,,,,,,,,,,,,,,,,,,,,,,,,,,,,,,,,,,,,,,,,,,
,1133,,,,,20,1.263295889,10.23787022,0.042531863,0.196977064,,,,,69,1.127452374,,,,,,,,,,,,,,,,,,,,,,,,,,,,,,,,,,,,,,,,,,,
5.00E-06,1149,,,,,,,,,,,,,,70,1.179601192,,,,,,,,,,,,,,,,,,,,,,,,,,,,,,,,,,,,,,,,,,,
,1149,2.035512447,17.01000214,0.009025868,0.325486302,21,,,,,,,,,71,1.167173266,,,,,,,,,,,,,,,,,,,,,,,,,,,,,,,,,,,,,,,,,,,
,1187,,,,,21,1.458432198,11.75468254,0.035981521,0.246982202,,,,,72,1.520690322,,,,,,,,,,,,,,,,,,,,,,,,,,,,,,,,,,,,,,,,,,,
5.00E-06,1199,,,,,,,,,,,,,,73,1.111554384,,,,,,,,,,,,,,,,,,,,,,,,,,,,,,,,,,,,,,,,,,,
,1199,1.016043186,8.170214653,0.004749287,0.194272414,22,,,,,,,,,74,1.247314572,,,,,,,,,,,,,,,,,,,,,,,,,,,,,,,,,,,,,,,,,,,
,1241,,,,,22,1.272750735,10.26609421,0.046759412,0.199382216,,,,,75,1.332835317,,,,,,,,,,,,,,,,,,,,,,,,,,,,,,,,,,,,,,,,,,,
5.00E-06,1249,,,,,,,,,,,,,,76,1.211212277,,,,,,,,,,,,,,,,,,,,,,,,,,,,,,,,,,,,,,,,,,,
,1249,0.29363969,0.885227442,0.002579096,0.202537835,23,,,,,,,,,77,1.164075971,,,,,,,,,,,,,,,,,,,,,,,,,,,,,,,,,,,,,,,,,,,
,1295,,,,,23,1.470937848,12.05143356,0.031213202,0.23458147,,,,,78,1.382832527,,,,,,,,,,,,,,,,,,,,,,,,,,,,,,,,,,,,,,,,,,,
5.00E-06,1299,,,,,,,,,,,,,,79,1.276938319,,,,,,,,,,,,,,,,,,,,,,,,,,,,,,,,,,,,,,,,,,,
,1299,1.363798022,10.84497547,0.076760866,0.202539563,24,,,,,,,,,80,1.224512696,,,,,,,,,,,,,,,,,,,,,,,,,,,,,,,,,,,,,,,,,,,
5.00E-06,1349,,,,,,,,,,,,,,81,1.156068563,,,,,,,,,,,,,,,,,,,,,,,,,,,,,,,,,,,,,,,,,,,
,1349,3.261276245,25.97846222,0.066900015,0.596529782,24,,,,,,,,,82,1.229848385,,,,,,,,,,,,,,,,,,,,,,,,,,,,,,,,,,,,,,,,,,,
,1349,,,,,24,,,,,0.781621337,5.695250988,0.033529811,0.178566277,83,1.196676373,,,,,,,,,,,,,,,,,,,,,,,,,,,,,,,,,,,,,,,,,,,
,1349,,,,,24,1.673192024,14.39646053,0.046086114,0.187459677,,,,,84,1.220412254,,,,,,,,,,,,,,,,,,,,,,,,,,,,,,,,,,,,,,,,,,,
5.00E-06,1399,,,,,,,,,,,,,,85,1.070976853,,,,,,,,,,,,,,,,,,,,,,,,,,,,,,,,,,,,,,,,,,,
,1399,0.142515182,0.226634324,0.00198868,0.117863066,25,,,,,,,,,86,1.058297753,,,,,,,,,,,,,,,,,,,,,,,,,,,,,,,,,,,,,,,,,,,
,1403,,,,,25,1.384772778,11.2674017,0.04861857,0.209413826,,,,,87,1.249538302,,,,,,,,,,,,,,,,,,,,,,,,,,,,,,,,,,,,,,,,,,,
5.00E-06,1449,,,,,,,,,,,,,,88,1.067407012,,,,,,,,,,,,,,,,,,,,,,,,,,,,,,,,,,,,,,,,,,,
,1449,0.212188214,1.523845315,0.003797365,0.056006324,26,,,,,,,,,89,1.432284594,,,,,,,,,,,,,,,,,,,,,,,,,,,,,,,,,,,,,,,,,,,
,1457,,,,,26,1.611961961,13.57603264,0.048275128,0.206083775,,,,,90,1.125187635,,,,,,,,,,,,,,,,,,,,,,,,,,,,,,,,,,,,,,,,,,,
5.00E-06,1499,,,,,,,,,,,,,,91,1.080501556,,,,,,,,,,,,,,,,,,,,,,,,,,,,,,,,,,,,,,,,,,,
,1499,0.168044165,0.001496401,0.000701295,0.167193234,27,,,,,,,,,92,1.266694188,,,,,,,,,,,,,,,,,,,,,,,,,,,,,,,,,,,,,,,,,,,
,1511,,,,,27,1.090150356,8.458774567,0.026603857,0.217669025,,,,,93,1.20149982,,,,,,,,,,,,,,,,,,,,,,,,,,,,,,,,,,,,,,,,,,,
5.00E-06,1549,,,,,,,,,,,,,,94,1.162477493,,,,,,,,,,,,,,,,,,,,,,,,,,,,,,,,,,,,,,,,,,,
,1549,0.803325534,7.627693653,0.028479367,0.012076844,28,,,,,,,,,95,1.178312063,,,,,,,,,,,,,,,,,,,,,,,,,,,,,,,,,,,,,,,,,,,
,1565,,,,,28,1.339155078,11.04417133,0.03733306,0.197405279,,,,,96,1.011697054,,,,,,,,,,,,,,,,,,,,,,,,,,,,,,,,,,,,,,,,,,,
5.00E-06,1599,,,,,,,,,,,,,,97,1.443908453,,,,,,,,,,,,,,,,,,,,,,,,,,,,,,,,,,,,,,,,,,,
,1599,2.365766287,19.50048447,0.030998539,0.384719193,29,,,,,,,,,98,1.24816215,,,,,,,,,,,,,,,,,,,,,,,,,,,,,,,,,,,,,,,,,,,
,1619,,,,,29,,,,,1.218709707,10.33058739,0.016669516,0.168981418,99,1.080139995,,,,,,,,,,,,,,,,,,,,,,,,,,,,,,,,,,,,,,,,,,,
,1619,,,,,29,1.68181026,14.0003624,0.034951489,0.246822476,,,,,100,1.032613397,,,,,,,,,,,,,,,,,,,,,,,,,,,,,,,,,,,,,,,,,,,
5.00E-06,1649,,,,,,,,,,,,,,101,1.295252681,,,,,,,,,,,,,,,,,,,,,,,,,,,,,,,,,,,,,,,,,,,
,1649,6.202030659,57.57529068,0.153414309,0.291086704,30,,,,,,,,,102,1.09376812,,,,,,,,,,,,,,,,,,,,,,,,,,,,,,,,,,,,,,,,,,,
,1673,,,,,30,1.463289142,12.45476723,0.027427234,0.190384895,,,,,103,1.054400802,,,,,,,,,,,,,,,,,,,,,,,,,,,,,,,,,,,,,,,,,,,
5.00E-06,1699,,,,,,,,,,,,,,104,1.219280124,,,,,,,,,,,,,,,,,,,,,,,,,,,,,,,,,,,,,,,,,,,
,1699,0.220062524,0.816186011,0.003128866,0.135315061,31,,,,,,,,,105,1.231947899,,,,,,,,,,,,,,,,,,,,,,,,,,,,,,,,,,,,,,,,,,,
,1727,,,,,31,1.653089285,13.96508217,0.03716398,0.219416842,,,,,106,0.985563576,,,,,,,,,,,,,,,,,,,,,,,,,,,,,,,,,,,,,,,,,,,
5.00E-06,1749,,,,,,,,,,,,,,107,1.173018098,,,,,,,,,,,,,,,,,,,,,,,,,,,,,,,,,,,,,,,,,,,
,1749,2.771297693,27.35433769,0.028122829,0.007740942,32,,,,,,,,,108,1.233891487,,,,,,,,,,,,,,,,,,,,,,,,,,,,,,,,,,,,,,,,,,,
,1781,,,,,32,1.156469941,9.446752548,0.027890172,0.183904782,,,,,109,1.150248528,,,,,,,,,,,,,,,,,,,,,,,,,,,,,,,,,,,,,,,,,,,
5.00E-06,1799,,,,,,,,,,,,,,110,1.077119589,,,,,,,,,,,,,,,,,,,,,,,,,,,,,,,,,,,,,,,,,,,
,1799,2.704795837,18.85474396,0.014891957,0.804429412,33,,,,,,,,,111,1.101044774,,,,,,,,,,,,,,,,,,,,,,,,,,,,,,,,,,,,,,,,,,,
,1835,,,,,33,1.455188513,12.18419266,0.048756655,0.188012317,,,,,112,1.068466783,,,,,,,,,,,,,,,,,,,,,,,,,,,,,,,,,,,,,,,,,,,
5.00E-06,1849,,,,,,,,,,,,,,113,1.258528352,,,,,,,,,,,,,,,,,,,,,,,,,,,,,,,,,,,,,,,,,,,
,1849,1.232706666,11.12868786,0.014054831,0.105783083,34,,,,,,,,,114,1.023730159,,,,,,,,,,,,,,,,,,,,,,,,,,,,,,,,,,,,,,,,,,,
,1889,,,,,34,,,,,1.32420516,11.13381958,0.028528091,0.182295173,115,1.288672686,,,,,,,,,,,,,,,,,,,,,,,,,,,,,,,,,,,,,,,,,,,
,1889,,,,,34,1.162177444,9.432814598,0.027360404,0.191535681,,,,,116,1.183563948,,,,,,,,,,,,,,,,,,,,,,,,,,,,,,,,,,,,,,,,,,,
5.00E-06,1899,,,,,,,,,,,,,,117,0.984201133,,,,,,,,,,,,,,,,,,,,,,,,,,,,,,,,,,,,,,,,,,,
,1899,0.749084353,5.501825333,0.005027167,0.193874583,35,,,,,,,,,118,1.225526452,,,,,,,,,,,,,,,,,,,,,,,,,,,,,,,,,,,,,,,,,,,
,1943,,,,,35,1.3637743,11.52016544,0.027355313,0.184402078,,,,,119,0.951515436,,,,,,,,,,,,,,,,,,,,,,,,,,,,,,,,,,,,,,,,,,,
5.00E-06,1949,,,,,,,,,,,,,,120,1.133478999,,,,,,,,,,,,,,,,,,,,,,,,,,,,,,,,,,,,,,,,,,,
,1949,0.225108936,1.68852663,0.056151651,0.000104616,36,,,,,,,,,121,0.9929564,,,,,,,,,,,,,,,,,,,,,,,,,,,,,,,,,,,,,,,,,,,
,1997,,,,,36,1.238521695,10.3184576,0.032756206,0.173919559,,,,,122,1.116247296,,,,,,,,,,,,,,,,,,,,,,,,,,,,,,,,,,,,,,,,,,,
5.00E-06,1999,,,,,,,,,,,,,,123,1.212247014,,,,,,,,,,,,,,,,,,,,,,,,,,,,,,,,,,,,,,,,,,,
,1999,0.223869085,0.018115111,0.00060189,0.221455678,37,,,,,,,,,124,1.071351171,,,,,,,,,,,,,,,,,,,,,,,,,,,,,,,,,,,,,,,,,,,
5.00E-06,2049,,,,,,,,,,,,,,125,1.038957119,,,,,,,,,,,,,,,,,,,,,,,,,,,,,,,,,,,,,,,,,,,
,2049,1.108847857,7.255161285,0.006174428,0.377157211,37,,,,,,,,,126,1.132619381,,,,,,,,,,,,,,,,,,,,,,,,,,,,,,,,,,,,,,,,,,,
,2051,,,,,37,1.514990807,12.87568951,0.036985282,0.190436497,,,,,127,1.27152586,,,,,,,,,,,,,,,,,,,,,,,,,,,,,,,,,,,,,,,,,,,
5.00E-06,2099,,,,,,,,,,,,,,128,1.128286839,,,,,,,,,,,,,,,,,,,,,,,,,,,,,,,,,,,,,,,,,,,
,2099,3.63663888,35.41609192,0.007198959,0.087830871,38,,,,,,,,,129,1.120200276,,,,,,,,,,,,,,,,,,,,,,,,,,,,,,,,,,,,,,,,,,,
,2105,,,,,38,1.239041924,10.4095583,0.024698488,0.173387423,,,,,130,1.273342371,,,,,,,,,,,,,,,,,,,,,,,,,,,,,,,,,,,,,,,,,,,
5.00E-06,2149,,,,,,,,,,,,,,131,0.845147371,,,,,,,,,,,,,,,,,,,,,,,,,,,,,,,,,,,,,,,,,,,
,2149,1.648376942,14.83474922,0.01196476,0.152937263,39,,,,,,,,,132,1.306439519,,,,,,,,,,,,,,,,,,,,,,,,,,,,,,,,,,,,,,,,,,,
,2159,,,,,39,,,,,1.170256972,10.25564861,0.016145648,0.128546432,133,0.932617962,,,,,,,,,,,,,,,,,,,,,,,,,,,,,,,,,,,,,,,,,,,
,2159,,,,,39,1.131525993,9.390354156,0.030569647,0.161920682,,,,,134,1.210852265,,,,,,,,,,,,,,,,,,,,,,,,,,,,,,,,,,,,,,,,,,,
5.00E-06,2199,,,,,,,,,,,,,,135,0.944777191,,,,,,,,,,,,,,,,,,,,,,,,,,,,,,,,,,,,,,,,,,,
,2199,1.57479322,15.31390095,0.036381137,0.007021836,40,,,,,,,,,136,0.954879284,,,,,,,,,,,,,,,,,,,,,,,,,,,,,,,,,,,,,,,,,,,
,2213,,,,,40,1.230689883,10.23100471,0.031371884,0.176217631,,,,,137,0.965725839,,,,,,,,,,,,,,,,,,,,,,,,,,,,,,,,,,,,,,,,,,,
5.00E-06,2249,,,,,,,,,,,,,,138,1.05538547,,,,,,,,,,,,,,,,,,,,,,,,,,,,,,,,,,,,,,,,,,,
,2249,0.523602486,4.709723473,0.004186116,0.048444007,41,,,,,,,,,139,0.960035861,,,,,,,,,,,,,,,,,,,,,,,,,,,,,,,,,,,,,,,,,,,
,2267,,,,,41,1.379324436,11.90093994,0.03052772,0.158703074,,,,,140,1.219142437,,,,,,,,,,,,,,,,,,,,,,,,,,,,,,,,,,,,,,,,,,,
5.00E-06,2299,,,,,,,,,,,,,,141,1.06545043,,,,,,,,,,,,,,,,,,,,,,,,,,,,,,,,,,,,,,,,,,,
,2299,1.433634043,11.49810505,0.01775616,0.266067326,42,,,,,,,,,142,1.013395905,,,,,,,,,,,,,,,,,,,,,,,,,,,,,,,,,,,,,,,,,,,
,2321,,,,,42,1.434887171,12.26593781,0.033995852,0.174297497,,,,,143,0.993055046,,,,,,,,,,,,,,,,,,,,,,,,,,,,,,,,,,,,,,,,,,,
5.00E-06,2349,,,,,,,,,,,,,,144,1.064054966,,,,,,,,,,,,,,,,,,,,,,,,,,,,,,,,,,,,,,,,,,,
,2349,4.744663239,42.88186646,0.111693166,0.344782889,43,,,,,,,,,145,1.037388325,,,,,,,,,,,,,,,,,,,,,,,,,,,,,,,,,,,,,,,,,,,
,2375,,,,,43,1.372783661,11.54384232,0.024783626,0.193615794,,,,,146,0.996015847,,,,,,,,,,,,,,,,,,,,,,,,,,,,,,,,,,,,,,,,,,,
5.00E-06,2399,,,,,,,,,,,,,,147,1.016178608,,,,,,,,,,,,,,,,,,,,,,,,,,,,,,,,,,,,,,,,,,,
,2399,0.455173552,3.753463984,0.006371783,0.073455364,44,,,,,,,,,148,1.107533574,,,,,,,,,,,,,,,,,,,,,,,,,,,,,,,,,,,,,,,,,,,
,2429,,,,,44,,,,,1.076634169,8.62059021,0.015896652,0.198678479,149,1.169832468,,,,,,,,,,,,,,,,,,,,,,,,,,,,,,,,,,,,,,,,,,,
,2429,,,,,44,1.248225689,9.777552605,0.052254811,0.21821548,,,,,150,1.108410835,,,,,,,,,,,,,,,,,,,,,,,,,,,,,,,,,,,,,,,,,,,
5.00E-06,2449,,,,,,,,,,,,,,151,1.016625762,,,,,,,,,,,,,,,,,,,,,,,,,,,,,,,,,,,,,,,,,,,
,2449,1.213497877,10.53867912,0.157047391,0.002582505,45,,,,,,,,,152,1.048208475,,,,,,,,,,,,,,,,,,,,,,,,,,,,,,,,,,,,,,,,,,,
,2483,,,,,45,1.360752106,11.45484829,0.033459742,0.181807593,,,,,153,1.177301407,,,,,,,,,,,,,,,,,,,,,,,,,,,,,,,,,,,,,,,,,,,
5.00E-06,2499,,,,,,,,,,,,,,154,1.012907147,,,,,,,,,,,,,,,,,,,,,,,,,,,,,,,,,,,,,,,,,,,
,2499,0.230684295,1.487551093,0.081710607,0.000218571,46,,,,,,,,,155,1.337107062,,,,,,,,,,,,,,,,,,,,,,,,,,,,,,,,,,,,,,,,,,,
,2537,,,,,46,1.212382317,10.21692276,0.025866322,0.164823905,,,,,156,1.098536491,,,,,,,,,,,,,,,,,,,,,,,,,,,,,,,,,,,,,,,,,,,
5.00E-06,2549,,,,,,,,,,,,,,157,1.123497844,,,,,,,,,,,,,,,,,,,,,,,,,,,,,,,,,,,,,,,,,,,
,2549,0.263938069,1.438796878,0.006903083,0.113155313,47,,,,,,,,,158,0.98805052,,,,,,,,,,,,,,,,,,,,,,,,,,,,,,,,,,,,,,,,,,,
,2591,,,,,47,1.276533008,10.65603065,0.027891705,0.18303816,,,,,159,0.827062964,,,,,,,,,,,,,,,,,,,,,,,,,,,,,,,,,,,,,,,,,,,
5.00E-06,2599,,,,,,,,,,,,,,160,0.799592257,,,,,,,,,,,,,,,,,,,,,,,,,,,,,,,,,,,,,,,,,,,
,2599,0.538239896,4.217770576,0.004305757,0.112157106,48,,,,,,,,,161,0.964786112,,,,,,,,,,,,,,,,,,,,,,,,,,,,,,,,,,,,,,,,,,,
,2645,,,,,48,1.471533179,12.69312286,0.023718894,0.178501472,,,,,162,1.121739507,,,,,,,,,,,,,,,,,,,,,,,,,,,,,,,,,,,,,,,,,,,
5.00E-06,2649,,,,,,,,,,,,,,163,1.212900281,,,,,,,,,,,,,,,,,,,,,,,,,,,,,,,,,,,,,,,,,,,
,2649,4.08134985,38.76807022,0.03208806,0.172454715,49,,,,,,,,,164,1.129983425,,,,,,,,,,,,,,,,,,,,,,,,,,,,,,,,,,,,,,,,,,,
5.00E-06,2699,,,,,,,,,,,,,,165,1.085547328,,,,,,,,,,,,,,,,,,,,,,,,,,,,,,,,,,,,,,,,,,,
,2699,1.0011729,6.637526035,0.014523787,0.322896481,49,,,,,,,,,166,0.96122247,,,,,,,,,,,,,,,,,,,,,,,,,,,,,,,,,,,,,,,,,,,
,2699,,,,,49,,,,,1.178307295,10.03547096,0.012451301,0.16230908,167,0.932133436,,,,,,,,,,,,,,,,,,,,,,,,,,,,,,,,,,,,,,,,,,,
,2699,,,,,49,1.365773678,11.15869999,0.037353136,0.212550133,,,,,168,0.944880724,,,,,,,,,,,,,,,,,,,,,,,,,,,,,,,,,,,,,,,,,,,
5.00E-06,2749,,,,,,,,,,,,,,169,1.10898447,,,,,,,,,,,,,,,,,,,,,,,,,,,,,,,,,,,,,,,,,,,
,2749,0.37004438,3.32209301,0.020529468,0.017305639,50,,,,,,,,,170,0.928604543,,,,,,,,,,,,,,,,,,,,,,,,,,,,,,,,,,,,,,,,,,,
,2753,,,,,50,1.281543016,10.69480133,0.022537144,0.189525604,,,,,171,1.109100938,,,,,,,,,,,,,,,,,,,,,,,,,,,,,,,,,,,,,,,,,,,
5.00E-06,2799,,,,,,,,,,,,,,172,1.084605098,,,,,,,,,,,,,,,,,,,,,,,,,,,,,,,,,,,,,,,,,,,
,2799,0.398158073,3.866582155,0.011168262,0.000331576,51,,,,,,,,,173,1.237173557,,,,,,,,,,,,,,,,,,,,,,,,,,,,,,,,,,,,,,,,,,,
,2807,,,,,51,1.180277348,9.628121376,0.027111657,0.190353274,,,,,174,0.957077861,,,,,,,,,,,,,,,,,,,,,,,,,,,,,,,,,,,,,,,,,,,
5.00E-06,2849,,,,,,,,,,,,,,175,1.106157064,,,,,,,,,,,,,,,,,,,,,,,,,,,,,,,,,,,,,,,,,,,
,2849,0.308263183,2.170808077,0.00273086,0.088451497,52,,,,,,,,,176,1.078008294,,,,,,,,,,,,,,,,,,,,,,,,,,,,,,,,,,,,,,,,,,,
,2861,,,,,52,1.506232619,13.01183605,0.026213823,0.178835094,,,,,177,1.065703511,,,,,,,,,,,,,,,,,,,,,,,,,,,,,,,,,,,,,,,,,,,
5.00E-06,2899,,,,,,,,,,,,,,178,1.167652726,,,,,,,,,,,,,,,,,,,,,,,,,,,,,,,,,,,,,,,,,,,
,2899,0.85302043,7.509041786,0.012764833,0.089351349,53,,,,,,,,,179,1.072646379,,,,,,,,,,,,,,,,,,,,,,,,,,,,,,,,,,,,,,,,,,,
,2915,,,,,53,1.336787462,11.23375797,0.021568613,0.191843048,,,,,180,0.994035959,,,,,,,,,,,,,,,,,,,,,,,,,,,,,,,,,,,,,,,,,,,
5.00E-06,2949,,,,,,,,,,,,,,181,0.92537117,,,,,,,,,,,,,,,,,,,,,,,,,,,,,,,,,,,,,,,,,,,
,2949,0.309869617,1.8823874,0.007133163,0.114497706,54,,,,,,,,,182,0.865530908,,,,,,,,,,,,,,,,,,,,,,,,,,,,,,,,,,,,,,,,,,,
,2969,,,,,54,,,,,1.01100719,9.036698341,0.018208692,0.089128621,183,1.140026927,,,,,,,,,,,,,,,,,,,,,,,,,,,,,,,,,,,,,,,,,,,
,2969,,,,,54,1.204141021,9.850666046,0.021733224,0.197341219,,,,,184,1.064714074,,,,,,,,,,,,,,,,,,,,,,,,,,,,,,,,,,,,,,,,,,,
5.00E-06,2999,,,,,,,,,,,,,,185,1.137852788,,,,,,,,,,,,,,,,,,,,,,,,,,,,,,,,,,,,,,,,,,,
,2999,0.416143119,3.541929007,0.002194706,0.059755489,55,,,,,,,,,186,0.932212949,,,,,,,,,,,,,,,,,,,,,,,,,,,,,,,,,,,,,,,,,,,
,3023,,,,,55,1.375197768,11.9836235,0.026939169,0.149896801,,,,,187,0.878867865,,,,,,,,,,,,,,,,,,,,,,,,,,,,,,,,,,,,,,,,,,,
5.00E-06,3049,,,,,,,,,,,,,,188,0.956777334,,,,,,,,,,,,,,,,,,,,,,,,,,,,,,,,,,,,,,,,,,,
,3049,0.800361872,5.713838577,0.088752404,0.140225559,56,,,,,,,,,189,1.106051445,,,,,,,,,,,,,,,,,,,,,,,,,,,,,,,,,,,,,,,,,,,
,3077,,,,,56,1.273648143,10.54163837,0.034559879,0.1849242,,,,,190,1.288026929,,,,,,,,,,,,,,,,,,,,,,,,,,,,,,,,,,,,,,,,,,,
5.00E-06,3099,,,,,,,,,,,,,,191,1.124832988,,,,,,,,,,,,,,,,,,,,,,,,,,,,,,,,,,,,,,,,,,,
,3099,0.895353079,8.489437103,0.00612337,0.040285911,57,,,,,,,,,192,0.89550221,,,,,,,,,,,,,,,,,,,,,,,,,,,,,,,,,,,,,,,,,,,
,3131,,,,,57,1.261424422,10.65664196,0.02813497,0.167625457,,,,,193,0.922280848,,,,,,,,,,,,,,,,,,,,,,,,,,,,,,,,,,,,,,,,,,,
5.00E-06,3149,,,,,,,,,,,,,,194,1.08375001,,,,,,,,,,,,,,,,,,,,,,,,,,,,,,,,,,,,,,,,,,,
,3149,0.729143083,7.242186069,0.00211329,0.002811117,58,,,,,,,,,195,1.217796206,,,,,,,,,,,,,,,,,,,,,,,,,,,,,,,,,,,,,,,,,,,
,3185,,,,,58,1.26811111,10.49396324,0.045926072,0.172788918,,,,,196,1.034047604,,,,,,,,,,,,,,,,,,,,,,,,,,,,,,,,,,,,,,,,,,,
5.00E-06,3199,,,,,,,,,,,,,,197,1.022351027,,,,,,,,,,,,,,,,,,,,,,,,,,,,,,,,,,,,,,,,,,,
,3199,0.321595281,3.14277935,0.007071688,0.000245632,59,,,,,,,,,198,1.028425694,,,,,,,,,,,,,,,,,,,,,,,,,,,,,,,,,,,,,,,,,,,
,3239,,,,,59,,,,,1.254458189,10.43837547,0.017998386,0.192622036,199,0.878067017,,,,,,,,,,,,,,,,,,,,,,,,,,,,,,,,,,,,,,,,,,,
,3239,,,,,59,1.119432569,9.240326881,0.026949432,0.16845037,,,,,200,1.035754919,,,,,,,,,,,,,,,,,,,,,,,,,,,,,,,,,,,,,,,,,,,
5.00E-06,3249,,,,,,,,,,,,,,,,,,,,,,,,,,,,,,,,,,,,,,,,,,,,,,,,,,,,,,,,,,
,3249,1.069660187,8.155397415,0.034153011,0.219967455,60,,,,,,,,,,,,,,,,,,,,,,,,,,,,,,,,,,,,,,,,,,,,,,,,,,,,,
,3293,,,,,60,1.231016994,10.44757938,0.020966105,0.165292561,,,,,,,,,,,,,,,,,,,,,,,,,,,,,,,,,,,,,,,,,,,,,,,,,
5.00E-06,3299,,,,,,,,,,,,,,,,,,,,,,,,,,,,,,,,,,,,,,,,,,,,,,,,,,,,,,,,,,
,3299,1.899094462,18.02412224,0.008966953,0.087715298,61,,,,,,,,,,,,,,,,,,,,,,,,,,,,,,,,,,,,,,,,,,,,,,,,,,,,,
,3347,,,,,61,1.247993588,10.56463814,0.035681266,0.155848876,,,,,,,,,,,,,,,,,,,,,,,,,,,,,,,,,,,,,,,,,,,,,,,,,
5.00E-06,3349,,,,,,,,,,,,,,,,,,,,,,,,,,,,,,,,,,,,,,,,,,,,,,,,,,,,,,,,,,
,3349,0.801992536,7.704280853,0.030437378,0.001127053,62,,,,,,,,,,,,,,,,,,,,,,,,,,,,,,,,,,,,,,,,,,,,,,,,,,,,,
5.00E-06,3399,,,,,,,,,,,,,,,,,,,,,,,,,,,,,,,,,,,,,,,,,,,,,,,,,,,,,,,,,,
,3399,3.859136105,33.05846405,0.205854818,0.347434729,62,,,,,,,,,,,,,,,,,,,,,,,,,,,,,,,,,,,,,,,,,,,,,,,,,,,,,
,3401,,,,,62,1.100419641,8.905303955,0.024430081,0.185459062,,,,,,,,,,,,,,,,,,,,,,,,,,,,,,,,,,,,,,,,,,,,,,,,,
5.00E-06,3449,,,,,,,,,,,,,,,,,,,,,,,,,,,,,,,,,,,,,,,,,,,,,,,,,,,,,,,,,,
,3449,4.482820511,39.98693466,0.27856493,0.205561891,63,,,,,,,,,,,,,,,,,,,,,,,,,,,,,,,,,,,,,,,,,,,,,,,,,,,,,
,3455,,,,,63,1.384311557,11.76896,0.035232879,0.172182292,,,,,,,,,,,,,,,,,,,,,,,,,,,,,,,,,,,,,,,,,,,,,,,,,
5.00E-06,3499,,,,,,,,,,,,,,,,,,,,,,,,,,,,,,,,,,,,,,,,,,,,,,,,,,,,,,,,,,
,3499,0.401848853,3.913618565,0.010124883,0.000362097,64,,,,,,,,,,,,,,,,,,,,,,,,,,,,,,,,,,,,,,,,,,,,,,,,,,,,,
,3509,,,,,64,,,,,1.22835505,10.59630108,0.036262251,0.13246271,,,,,,,,,,,,,,,,,,,,,,,,,,,,,,,,,,,,,,,,,,,,,
,3509,,,,,64,1.351567745,11.56635284,0.026387809,0.168544605,,,,,,,,,,,,,,,,,,,,,,,,,,,,,,,,,,,,,,,,,,,,,,,,,
5.00E-06,3549,,,,,,,,,,,,,,,,,,,,,,,,,,,,,,,,,,,,,,,,,,,,,,,,,,,,,,,,,,
,3549,0.933964312,8.470434189,0.086859562,6.13E-05,65,,,,,,,,,,,,,,,,,,,,,,,,,,,,,,,,,,,,,,,,,,,,,,,,,,,,,
,3563,,,,,65,1.07114625,8.905550003,0.035538457,0.145052806,,,,,,,,,,,,,,,,,,,,,,,,,,,,,,,,,,,,,,,,,,,,,,,,,
5.00E-06,3599,,,,,,,,,,,,,,,,,,,,,,,,,,,,,,,,,,,,,,,,,,,,,,,,,,,,,,,,,,
,3599,0.636225224,0.007279829,0.002711253,0.632785916,66,,,,,,,,,,,,,,,,,,,,,,,,,,,,,,,,,,,,,,,,,,,,,,,,,,,,,
,3617,,,,,66,1.074635029,8.626678467,0.024370082,0.187597468,,,,,,,,,,,,,,,,,,,,,,,,,,,,,,,,,,,,,,,,,,,,,,,,,
5.00E-06,3649,,,,,,,,,,,,,,,,,,,,,,,,,,,,,,,,,,,,,,,,,,,,,,,,,,,,,,,,,,
,3649,5.081221581,45.92676544,0.162342206,0.32620284,67,,,,,,,,,,,,,,,,,,,,,,,,,,,,,,,,,,,,,,,,,,,,,,,,,,,,,
,3671,,,,,67,1.155080199,10.07895088,0.026016057,0.121168904,,,,,,,,,,,,,,,,,,,,,,,,,,,,,,,,,,,,,,,,,,,,,,,,,
5.00E-06,3699,,,,,,,,,,,,,,,,,,,,,,,,,,,,,,,,,,,,,,,,,,,,,,,,,,,,,,,,,,
,3699,0.32072854,1.911483526,0.002486925,0.127093256,68,,,,,,,,,,,,,,,,,,,,,,,,,,,,,,,,,,,,,,,,,,,,,,,,,,,,,
,3725,,,,,68,1.127452374,9.193705559,0.032384317,0.175697535,,,,,,,,,,,,,,,,,,,,,,,,,,,,,,,,,,,,,,,,,,,,,,,,,
5.00E-06,3749,,,,,,,,,,,,,,,,,,,,,,,,,,,,,,,,,,,,,,,,,,,,,,,,,,,,,,,,,,
,3749,0.625518858,5.850637436,0.01218246,0.028272621,69,,,,,,,,,,,,,,,,,,,,,,,,,,,,,,,,,,,,,,,,,,,,,,,,,,,,,
,3779,,,,,69,,,,,0.994086146,8.144857407,0.016135322,0.163465112,,,,,,,,,,,,,,,,,,,,,,,,,,,,,,,,,,,,,,,,,,,,,
,3779,,,,,69,1.179601192,10.03280735,0.023328023,0.152992308,,,,,,,,,,,,,,,,,,,,,,,,,,,,,,,,,,,,,,,,,,,,,,,,,
5.00E-06,3799,,,,,,,,,,,,,,,,,,,,,,,,,,,,,,,,,,,,,,,,,,,,,,,,,,,,,,,,,,
,3799,0.12714541,0.79348433,0.003472625,0.044324361,70,,,,,,,,,,,,,,,,,,,,,,,,,,,,,,,,,,,,,,,,,,,,,,,,,,,,,
,3833,,,,,70,1.167173266,9.802856445,0.021286622,0.165600881,,,,,,,,,,,,,,,,,,,,,,,,,,,,,,,,,,,,,,,,,,,,,,,,,
5.00E-06,3849,,,,,,,,,,,,,,,,,,,,,,,,,,,,,,,,,,,,,,,,,,,,,,,,,,,,,,,,,,
,3849,0.355522841,3.46225214,0.003953188,0.005344437,71,,,,,,,,,,,,,,,,,,,,,,,,,,,,,,,,,,,,,,,,,,,,,,,,,,,,,
,3887,,,,,71,1.520690322,12.97623444,0.024502341,0.198564619,,,,,,,,,,,,,,,,,,,,,,,,,,,,,,,,,,,,,,,,,,,,,,,,,
5.00E-06,3899,,,,,,,,,,,,,,,,,,,,,,,,,,,,,,,,,,,,,,,,,,,,,,,,,,,,,,,,,,
,3899,1.053833365,9.719398499,0.005678558,0.076215051,72,,,,,,,,,,,,,,,,,,,,,,,,,,,,,,,,,,,,,,,,,,,,,,,,,,,,,
,3941,,,,,72,1.111554384,8.75880909,0.018738329,0.216935277,,,,,,,,,,,,,,,,,,,,,,,,,,,,,,,,,,,,,,,,,,,,,,,,,
5.00E-06,3949,,,,,,,,,,,,,,,,,,,,,,,,,,,,,,,,,,,,,,,,,,,,,,,,,,,,,,,,,,
,3949,0.515638709,2.634335995,0.035029806,0.217175305,73,,,,,,,,,,,,,,,,,,,,,,,,,,,,,,,,,,,,,,,,,,,,,,,,,,,,,
,3995,,,,,73,1.247314572,10.08139038,0.025586417,0.213589177,,,,,,,,,,,,,,,,,,,,,,,,,,,,,,,,,,,,,,,,,,,,,,,,,
5.00E-06,3999,,,,,,,,,,,,,,,,,,,,,,,,,,,,,,,,,,,,,,,,,,,,,,,,,,,,,,,,,,
,3999,0.506957531,4.686627865,0.0021278,0.036166985,74,,,,,,,,,,,,,,,,,,,,,,,,,,,,,,,,,,,,,,,,,,,,,,,,,,,,,
5.00E-06,4049,,,,,,,,,,,,,,,,,,,,,,,,,,,,,,,,,,,,,,,,,,,,,,,,,,,,,,,,,,
,4049,4.660728931,42.34125137,0.040456545,0.386147052,74,,,,,,,,,,,,,,,,,,,,,,,,,,,,,,,,,,,,,,,,,,,,,,,,,,,,,
,4049,,,,,74,,,,,1.1795578,9.743757248,0.012897618,0.192284599,,,,,,,,,,,,,,,,,,,,,,,,,,,,,,,,,,,,,,,,,,,,,
,4049,,,,,74,1.332835317,11.66613674,0.023610845,0.142610759,,,,,,,,,,,,,,,,,,,,,,,,,,,,,,,,,,,,,,,,,,,,,,,,,
5.00E-06,4099,,,,,,,,,,,,,,,,,,,,,,,,,,,,,,,,,,,,,,,,,,,,,,,,,,,,,,,,,,
,4099,0.723887444,6.680766106,0.005058391,0.050752476,75,,,,,,,,,,,,,,,,,,,,,,,,,,,,,,,,,,,,,,,,,,,,,,,,,,,,,
,4103,,,,,75,1.211212277,10.40463066,0.015723884,0.155025199,,,,,,,,,,,,,,,,,,,,,,,,,,,,,,,,,,,,,,,,,,,,,,,,,
5.00E-06,4149,,,,,,,,,,,,,,,,,,,,,,,,,,,,,,,,,,,,,,,,,,,,,,,,,,,,,,,,,,
,4149,0.615659833,4.010220528,0.000933801,0.21370393,76,,,,,,,,,,,,,,,,,,,,,,,,,,,,,,,,,,,,,,,,,,,,,,,,,,,,,
,4157,,,,,76,1.164075971,9.486539841,0.020324003,0.195098028,,,,,,,,,,,,,,,,,,,,,,,,,,,,,,,,,,,,,,,,,,,,,,,,,
5.00E-06,4199,,,,,,,,,,,,,,,,,,,,,,,,,,,,,,,,,,,,,,,,,,,,,,,,,,,,,,,,,,
,4199,0.293288171,2.286926746,0.002766263,0.061829235,77,,,,,,,,,,,,,,,,,,,,,,,,,,,,,,,,,,,,,,,,,,,,,,,,,,,,,
,4211,,,,,77,1.382832527,12.22445011,0.02046773,0.139919549,,,,,,,,,,,,,,,,,,,,,,,,,,,,,,,,,,,,,,,,,,,,,,,,,
5.00E-06,4249,,,,,,,,,,,,,,,,,,,,,,,,,,,,,,,,,,,,,,,,,,,,,,,,,,,,,,,,,,
,4249,0.337402314,0.210059881,0.005903464,0.310492873,78,,,,,,,,,,,,,,,,,,,,,,,,,,,,,,,,,,,,,,,,,,,,,,,,,,,,,
,4265,,,,,78,1.276938319,10.6031208,0.021204844,0.195421338,,,,,,,,,,,,,,,,,,,,,,,,,,,,,,,,,,,,,,,,,,,,,,,,,
5.00E-06,4299,,,,,,,,,,,,,,,,,,,,,,,,,,,,,,,,,,,,,,,,,,,,,,,,,,,,,,,,,,
,4299,0.67383635,5.690572262,0.009360935,0.095418185,79,,,,,,,,,,,,,,,,,,,,,,,,,,,,,,,,,,,,,,,,,,,,,,,,,,,,,
,4319,,,,,79,,,,,1.186988115,9.677420616,0.0148361,0.204409838,,,,,,,,,,,,,,,,,,,,,,,,,,,,,,,,,,,,,,,,,,,,,
,4319,,,,,79,1.224512696,10.54789448,0.027841151,0.141882151,,,,,,,,,,,,,,,,,,,,,,,,,,,,,,,,,,,,,,,,,,,,,,,,,
5.00E-06,4349,,,,,,,,,,,,,,,,,,,,,,,,,,,,,,,,,,,,,,,,,,,,,,,,,,,,,,,,,,
,4349,0.303334713,2.927098513,0.002307898,0.008316949,80,,,,,,,,,,,,,,,,,,,,,,,,,,,,,,,,,,,,,,,,,,,,,,,,,,,,,
,4373,,,,,80,1.156068563,9.522950172,0.017604141,0.186169222,,,,,,,,,,,,,,,,,,,,,,,,,,,,,,,,,,,,,,,,,,,,,,,,,
5.00E-06,4399,,,,,,,,,,,,,,,,,,,,,,,,,,,,,,,,,,,,,,,,,,,,,,,,,,,,,,,,,,
,4399,0.940013647,8.697710037,0.018153276,0.05208936,81,,,,,,,,,,,,,,,,,,,,,,,,,,,,,,,,,,,,,,,,,,,,,,,,,,,,,
,4427,,,,,81,1.229848385,10.19627857,0.028522789,0.181697562,,,,,,,,,,,,,,,,,,,,,,,,,,,,,,,,,,,,,,,,,,,,,,,,,
5.00E-06,4449,,,,,,,,,,,,,,,,,,,,,,,,,,,,,,,,,,,,,,,,,,,,,,,,,,,,,,,,,,
,4449,0.326736033,2.935029268,0.00352792,0.029705187,82,,,,,,,,,,,,,,,,,,,,,,,,,,,,,,,,,,,,,,,,,,,,,,,,,,,,,
,4481,,,,,82,1.196676373,10.03826809,0.022991618,0.16985786,,,,,,,,,,,,,,,,,,,,,,,,,,,,,,,,,,,,,,,,,,,,,,,,,
5.00E-06,4499,,,,,,,,,,,,,,,,,,,,,,,,,,,,,,,,,,,,,,,,,,,,,,,,,,,,,,,,,,
,4499,0.464543641,4.52172184,0.007203361,0.00516811,83,,,,,,,,,,,,,,,,,,,,,,,,,,,,,,,,,,,,,,,,,,,,,,,,,,,,,
,4535,,,,,83,1.220412254,10.31499481,0.031148164,0.157764524,,,,,,,,,,,,,,,,,,,,,,,,,,,,,,,,,,,,,,,,,,,,,,,,,
5.00E-06,4549,,,,,,,,,,,,,,,,,,,,,,,,,,,,,,,,,,,,,,,,,,,,,,,,,,,,,,,,,,
,4549,0.293327272,1.465261817,0.003638051,0.143163055,84,,,,,,,,,,,,,,,,,,,,,,,,,,,,,,,,,,,,,,,,,,,,,,,,,,,,,
,4589,,,,,84,,,,,0.939396858,7.806288242,0.030041898,0.128726035,,,,,,,,,,,,,,,,,,,,,,,,,,,,,,,,,,,,,,,,,,,,,
,4589,,,,,84,1.070976853,8.924039841,0.023169175,0.155403599,,,,,,,,,,,,,,,,,,,,,,,,,,,,,,,,,,,,,,,,,,,,,,,,,
5.00E-06,4599,,,,,,,,,,,,,,,,,,,,,,,,,,,,,,,,,,,,,,,,,,,,,,,,,,,,,,,,,,
,4599,0.964212418,7.824636936,0.006486628,0.175262049,85,,,,,,,,,,,,,,,,,,,,,,,,,,,,,,,,,,,,,,,,,,,,,,,,,,,,,
,4643,,,,,85,1.058297753,8.48952198,0.022586899,0.186758414,,,,,,,,,,,,,,,,,,,,,,,,,,,,,,,,,,,,,,,,,,,,,,,,,
5.00E-06,4649,,,,,,,,,,,,,,,,,,,,,,,,,,,,,,,,,,,,,,,,,,,,,,,,,,,,,,,,,,
,4649,0.249579117,1.130307198,0.098297603,0.038250785,86,,,,,,,,,,,,,,,,,,,,,,,,,,,,,,,,,,,,,,,,,,,,,,,,,,,,,
,4697,,,,,86,1.249538302,11.02574253,0.02640529,0.120558843,,,,,,,,,,,,,,,,,,,,,,,,,,,,,,,,,,,,,,,,,,,,,,,,,
5.00E-06,4699,,,,,,,,,,,,,,,,,,,,,,,,,,,,,,,,,,,,,,,,,,,,,,,,,,,,,,,,,,
,4699,0.353315234,2.16821003,0.001994556,0.134499699,87,,,,,,,,,,,,,,,,,,,,,,,,,,,,,,,,,,,,,,,,,,,,,,,,,,,,,
5.00E-06,4749,,,,,,,,,,,,,,,,,,,,,,,,,,,,,,,,,,,,,,,,,,,,,,,,,,,,,,,,,,
,4749,0.308313191,2.269367695,0.054922253,0.026454149,87,,,,,,,,,,,,,,,,,,,,,,,,,,,,,,,,,,,,,,,,,,,,,,,,,,,,,
,4751,,,,,87,1.067407012,8.785934448,0.022104137,0.166709587,,,,,,,,,,,,,,,,,,,,,,,,,,,,,,,,,,,,,,,,,,,,,,,,,
5.00E-06,4799,,,,,,,,,,,,,,,,,,,,,,,,,,,,,,,,,,,,,,,,,,,,,,,,,,,,,,,,,,
,4799,0.585381508,0.005711639,0.003860091,0.58095026,88,,,,,,,,,,,,,,,,,,,,,,,,,,,,,,,,,,,,,,,,,,,,,,,,,,,,,
,4805,,,,,88,1.432284594,12.07529068,0.018720021,0.206035748,,,,,,,,,,,,,,,,,,,,,,,,,,,,,,,,,,,,,,,,,,,,,,,,,
5.00E-06,4849,,,,,,,,,,,,,,,,,,,,,,,,,,,,,,,,,,,,,,,,,,,,,,,,,,,,,,,,,,
,4849,0.349050105,0.485584706,0.002192846,0.298298806,89,,,,,,,,,,,,,,,,,,,,,,,,,,,,,,,,,,,,,,,,,,,,,,,,,,,,,
,4859,,,,,89,,,,,0.900464177,6.812027931,0.006843009,0.212418392,,,,,,,,,,,,,,,,,,,,,,,,,,,,,,,,,,,,,,,,,,,,,
,4859,,,,,89,1.125187635,9.318200111,0.027545011,0.165822476,,,,,,,,,,,,,,,,,,,,,,,,,,,,,,,,,,,,,,,,,,,,,,,,,
5.00E-06,4899,,,,,,,,,,,,,,,,,,,,,,,,,,,,,,,,,,,,,,,,,,,,,,,,,,,,,,,,,,
,4899,0.507463217,4.969991207,0.005381904,0.005082222,90,,,,,,,,,,,,,,,,,,,,,,,,,,,,,,,,,,,,,,,,,,,,,,,,,,,,,
,4913,,,,,90,1.080501556,9.294939041,0.021698583,0.129308894,,,,,,,,,,,,,,,,,,,,,,,,,,,,,,,,,,,,,,,,,,,,,,,,,
5.00E-06,4949,,,,,,,,,,,,,,,,,,,,,,,,,,,,,,,,,,,,,,,,,,,,,,,,,,,,,,,,,,
,4949,0.551280379,3.787817001,0.006919825,0.165578902,91,,,,,,,,,,,,,,,,,,,,,,,,,,,,,,,,,,,,,,,,,,,,,,,,,,,,,
,4967,,,,,91,1.266694188,10.73780727,0.01969094,0.173222765,,,,,,,,,,,,,,,,,,,,,,,,,,,,,,,,,,,,,,,,,,,,,,,,,
5.00E-06,4999,,,,,,,,,,,,,,,,,,,,,,,,,,,,,,,,,,,,,,,,,,,,,,,,,,,,,,,,,,
,4999,0.198042005,1.064350247,0.006887162,0.084719814,92,,,,,,,,,,,,,,,,,,,,,,,,,,,,,,,,,,,,,,,,,,,,,,,,,,,,,
,5021,,,,,92,1.20149982,10.18142796,0.031578816,0.151778221,,,,,,,,,,,,,,,,,,,,,,,,,,,,,,,,,,,,,,,,,,,,,,,,,
5.00E-06,5049,,,,,,,,,,,,,,,,,,,,,,,,,,,,,,,,,,,,,,,,,,,,,,,,,,,,,,,,,,
,5049,0.656742871,4.245441914,0.008439537,0.223759085,93,,,,,,,,,,,,,,,,,,,,,,,,,,,,,,,,,,,,,,,,,,,,,,,,,,,,,
,5075,,,,,93,1.162477493,9.764536858,0.016980594,0.169043183,,,,,,,,,,,,,,,,,,,,,,,,,,,,,,,,,,,,,,,,,,,,,,,,,
5.00E-06,5099,,,,,,,,,,,,,,,,,,,,,,,,,,,,,,,,,,,,,,,,,,,,,,,,,,,,,,,,,,
,5099,1.912532806,18.17562485,0.012815031,0.082155071,94,,,,,,,,,,,,,,,,,,,,,,,,,,,,,,,,,,,,,,,,,,,,,,,,,,,,,
,5129,,,,,94,,,,,1.280977011,11.56214333,0.011522866,0.113239668,,,,,,,,,,,,,,,,,,,,,,,,,,,,,,,,,,,,,,,,,,,,,
,5129,,,,,94,1.178312063,10.0766058,0.017705908,0.152945891,,,,,,,,,,,,,,,,,,,,,,,,,,,,,,,,,,,,,,,,,,,,,,,,,
5.00E-06,5149,,,,,,,,,,,,,,,,,,,,,,,,,,,,,,,,,,,,,,,,,,,,,,,,,,,,,,,,,,
,5149,1.430326581,12.22705364,0.123967633,0.083653495,95,,,,,,,,,,,,,,,,,,,,,,,,,,,,,,,,,,,,,,,,,,,,,,,,,,,,,
,5183,,,,,95,1.011697054,8.206037521,0.023771631,0.167321667,,,,,,,,,,,,,,,,,,,,,,,,,,,,,,,,,,,,,,,,,,,,,,,,,
5.00E-06,5199,,,,,,,,,,,,,,,,,,,,,,,,,,,,,,,,,,,,,,,,,,,,,,,,,,,,,,,,,,
,5199,1.635755777,15.15141106,0.01230332,0.108311333,96,,,,,,,,,,,,,,,,,,,,,,,,,,,,,,,,,,,,,,,,,,,,,,,,,,,,,
,5237,,,,,96,1.443908453,12.42301464,0.030791186,0.170816168,,,,,,,,,,,,,,,,,,,,,,,,,,,,,,,,,,,,,,,,,,,,,,,,,
5.00E-06,5249,,,,,,,,,,,,,,,,,,,,,,,,,,,,,,,,,,,,,,,,,,,,,,,,,,,,,,,,,,
,5249,0.183134288,1.811244369,0.001870011,0.000139853,97,,,,,,,,,,,,,,,,,,,,,,,,,,,,,,,,,,,,,,,,,,,,,,,,,,,,,
,5291,,,,,97,1.24816215,10.83154106,0.024940012,0.140068337,,,,,,,,,,,,,,,,,,,,,,,,,,,,,,,,,,,,,,,,,,,,,,,,,
5.00E-06,5299,,,,,,,,,,,,,,,,,,,,,,,,,,,,,,,,,,,,,,,,,,,,,,,,,,,,,,,,,,
,5299,0.642979741,3.794600248,0.046904758,0.216614977,98,,,,,,,,,,,,,,,,,,,,,,,,,,,,,,,,,,,,,,,,,,,,,,,,,,,,,
,5345,,,,,98,1.080139995,8.890472412,0.020213151,0.170879662,,,,,,,,,,,,,,,,,,,,,,,,,,,,,,,,,,,,,,,,,,,,,,,,,
5.00E-06,5349,,,,,,,,,,,,,,,,,,,,,,,,,,,,,,,,,,,,,,,,,,,,,,,,,,,,,,,,,,
,5349,3.262911797,30.58469391,0.126099959,0.078342423,99,,,,,,,,,,,,,,,,,,,,,,,,,,,,,,,,,,,,,,,,,,,,,,,,,,,,,
5.00E-06,5399,,,,,,,,,,,,,,,,,,,,,,,,,,,,,,,,,,,,,,,,,,,,,,,,,,,,,,,,,,
,5399,1.80975008,16.83121872,0.078481928,0.048146375,99,,,,,,,,,,,,,,,,,,,,,,,,,,,,,,,,,,,,,,,,,,,,,,,,,,,,,
,5399,,,,,99,,,,,0.777420878,6.07158947,0.005657529,0.164604351,,,,,,,,,,,,,,,,,,,,,,,,,,,,,,,,,,,,,,,,,,,,,
,5399,,,,,99,1.032613397,8.446681023,0.020343408,0.167601809,,,,,,,,,,,,,,,,,,,,,,,,,,,,,,,,,,,,,,,,,,,,,,,,,
5.00E-06,5449,,,,,,,,,,,,,,,,,,,,,,,,,,,,,,,,,,,,,,,,,,,,,,,,,,,,,,,,,,
,5449,0.206435621,0.586857021,0.001934842,0.145815074,100,,,,,,,,,,,,,,,,,,,,,,,,,,,,,,,,,,,,,,,,,,,,,,,,,,,,,
,5453,,,,,100,1.295252681,11.23486423,0.018053271,0.153712839,,,,,,,,,,,,,,,,,,,,,,,,,,,,,,,,,,,,,,,,,,,,,,,,,
5.00E-06,5499,,,,,,,,,,,,,,,,,,,,,,,,,,,,,,,,,,,,,,,,,,,,,,,,,,,,,,,,,,
,5499,0.42275992,3.456863642,0.004503071,0.072570503,101,,,,,,,,,,,,,,,,,,,,,,,,,,,,,,,,,,,,,,,,,,,,,,,,,,,,,
,5507,,,,,101,1.09376812,8.839546204,0.028364079,0.181449547,,,,,,,,,,,,,,,,,,,,,,,,,,,,,,,,,,,,,,,,,,,,,,,,,
5.00E-06,5549,,,,,,,,,,,,,,,,,,,,,,,,,,,,,,,,,,,,,,,,,,,,,,,,,,,,,,,,,,
,5549,0.223393783,1.603843093,0.002835183,0.060174286,102,,,,,,,,,,,,,,,,,,,,,,,,,,,,,,,,,,,,,,,,,,,,,,,,,,,,,
,5561,,,,,102,1.054400802,8.269968033,0.028450511,0.198953465,,,,,,,,,,,,,,,,,,,,,,,,,,,,,,,,,,,,,,,,,,,,,,,,,
5.00E-06,5599,,,,,,,,,,,,,,,,,,,,,,,,,,,,,,,,,,,,,,,,,,,,,,,,,,,,,,,,,,
,5599,1.661337852,15.70277214,0.016879134,0.07418143,103,,,,,,,,,,,,,,,,,,,,,,,,,,,,,,,,,,,,,,,,,,,,,,,,,,,,,
,5615,,,,,103,1.219280124,10.3613472,0.024946664,0.158198476,,,,,,,,,,,,,,,,,,,,,,,,,,,,,,,,,,,,,,,,,,,,,,,,,
5.00E-06,5649,,,,,,,,,,,,,,,,,,,,,,,,,,,,,,,,,,,,,,,,,,,,,,,,,,,,,,,,,,
,5649,1.369225264,9.886315346,0.007642671,0.37295112,104,,,,,,,,,,,,,,,,,,,,,,,,,,,,,,,,,,,,,,,,,,,,,,,,,,,,,
,5669,,,,,104,,,,,0.701463461,4.831823826,0.055714469,0.162566632,,,,,,,,,,,,,,,,,,,,,,,,,,,,,,,,,,,,,,,,,,,,,
,5669,,,,,104,1.231947899,10.38578892,0.021982249,0.171386719,,,,,,,,,,,,,,,,,,,,,,,,,,,,,,,,,,,,,,,,,,,,,,,,,
5.00E-06,5699,,,,,,,,,,,,,,,,,,,,,,,,,,,,,,,,,,,,,,,,,,,,,,,,,,,,,,,,,,
,5699,1.656943321,13.97718143,0.090822257,0.168403074,105,,,,,,,,,,,,,,,,,,,,,,,,,,,,,,,,,,,,,,,,,,,,,,,,,,,,,
,5723,,,,,105,0.985563576,8.039289474,0.017032644,0.164601922,,,,,,,,,,,,,,,,,,,,,,,,,,,,,,,,,,,,,,,,,,,,,,,,,
5.00E-06,5749,,,,,,,,,,,,,,,,,,,,,,,,,,,,,,,,,,,,,,,,,,,,,,,,,,,,,,,,,,
,5749,2.582279921,21.79769135,0.012236158,0.390274525,106,,,,,,,,,,,,,,,,,,,,,,,,,,,,,,,,,,,,,,,,,,,,,,,,,,,,,
,5777,,,,,106,1.173018098,10.04140186,0.020918695,0.147958979,,,,,,,,,,,,,,,,,,,,,,,,,,,,,,,,,,,,,,,,,,,,,,,,,
5.00E-06,5799,,,,,,,,,,,,,,,,,,,,,,,,,,,,,,,,,,,,,,,,,,,,,,,,,,,,,,,,,,
,5799,0.833334208,7.751219749,0.002588382,0.055623818,107,,,,,,,,,,,,,,,,,,,,,,,,,,,,,,,,,,,,,,,,,,,,,,,,,,,,,
,5831,,,,,107,1.233891487,10.32099819,0.021489969,0.180301577,,,,,,,,,,,,,,,,,,,,,,,,,,,,,,,,,,,,,,,,,,,,,,,,,
5.00E-06,5849,,,,,,,,,,,,,,,,,,,,,,,,,,,,,,,,,,,,,,,,,,,,,,,,,,,,,,,,,,
,5849,2.538714409,23.93633652,0.004851029,0.140229493,108,,,,,,,,,,,,,,,,,,,,,,,,,,,,,,,,,,,,,,,,,,,,,,,,,,,,,
,5885,,,,,108,1.150248528,9.585111618,0.028865874,0.162871704,,,,,,,,,,,,,,,,,,,,,,,,,,,,,,,,,,,,,,,,,,,,,,,,,
5.00E-06,5899,,,,,,,,,,,,,,,,,,,,,,,,,,,,,,,,,,,,,,,,,,,,,,,,,,,,,,,,,,
,5899,0.649844885,5.633566856,0.002027394,0.084460787,109,,,,,,,,,,,,,,,,,,,,,,,,,,,,,,,,,,,,,,,,,,,,,,,,,,,,,
,5939,,,,,109,,,,,1.212345123,9.781674385,0.019412275,0.214765429,,,,,,,,,,,,,,,,,,,,,,,,,,,,,,,,,,,,,,,,,,,,,
,5939,,,,,109,1.077119589,8.910636902,0.024304824,0.1617513,,,,,,,,,,,,,,,,,,,,,,,,,,,,,,,,,,,,,,,,,,,,,,,,,
5.00E-06,5949,,,,,,,,,,,,,,,,,,,,,,,,,,,,,,,,,,,,,,,,,,,,,,,,,,,,,,,,,,
,5949,4.30283308,39.25416565,0.117666349,0.259750336,110,,,,,,,,,,,,,,,,,,,,,,,,,,,,,,,,,,,,,,,,,,,,,,,,,,,,,
,5993,,,,,110,1.101044774,8.936736107,0.026950775,0.180420697,,,,,,,,,,,,,,,,,,,,,,,,,,,,,,,,,,,,,,,,,,,,,,,,,
5.00E-06,5999,,,,,,,,,,,,,,,,,,,,,,,,,,,,,,,,,,,,,,,,,,,,,,,,,,,,,,,,,,
,5999,1.069353938,9.745286942,0.06115197,0.03367319,111,,,,,,,,,,,,,,,,,,,,,,,,,,,,,,,,,,,,,,,,,,,,,,,,,,,,,
,6047,,,,,111,1.068466783,8.851861,0.026065234,0.157215625,,,,,,,,,,,,,,,,,,,,,,,,,,,,,,,,,,,,,,,,,,,,,,,,,
5.00E-06,6049,,,,,,,,,,,,,,,,,,,,,,,,,,,,,,,,,,,,,,,,,,,,,,,,,,,,,,,,,,
,6049,1.42462492,14.1366291,0.01035865,0.000603443,112,,,,,,,,,,,,,,,,,,,,,,,,,,,,,,,,,,,,,,,,,,,,,,,,,,,,,
5.00E-06,6099,,,,,,,,,,,,,,,,,,,,,,,,,,,,,,,,,,,,,,,,,,,,,,,,,,,,,,,,,,
,6099,1.19534874,9.723413467,0.007833728,0.215173602,112,,,,,,,,,,,,,,,,,,,,,,,,,,,,,,,,,,,,,,,,,,,,,,,,,,,,,
,6101,,,,,112,1.258528352,10.83676052,0.020683423,0.154169023,,,,,,,,,,,,,,,,,,,,,,,,,,,,,,,,,,,,,,,,,,,,,,,,,
5.00E-06,6149,,,,,,,,,,,,,,,,,,,,,,,,,,,,,,,,,,,,,,,,,,,,,,,,,,,,,,,,,,
,6149,3.401256084,31.207901,0.005281198,0.275184512,113,,,,,,,,,,,,,,,,,,,,,,,,,,,,,,,,,,,,,,,,,,,,,,,,,,,,,
,6155,,,,,113,1.023730159,8.682694435,0.026374843,0.129085854,,,,,,,,,,,,,,,,,,,,,,,,,,,,,,,,,,,,,,,,,,,,,,,,,
5.00E-06,6199,,,,,,,,,,,,,,,,,,,,,,,,,,,,,,,,,,,,,,,,,,,,,,,,,,,,,,,,,,
,6199,0.228920326,2.279693365,0.000898348,5.26E-05,114,,,,,,,,,,,,,,,,,,,,,,,,,,,,,,,,,,,,,,,,,,,,,,,,,,,,,
,6209,,,,,114,,,,,0.939599514,8.646840096,0.012614092,0.062301297,,,,,,,,,,,,,,,,,,,,,,,,,,,,,,,,,,,,,,,,,,,,,
,6209,,,,,114,1.288672686,11.18214607,0.01458922,0.155869067,,,,,,,,,,,,,,,,,,,,,,,,,,,,,,,,,,,,,,,,,,,,,,,,,
5.00E-06,6249,,,,,,,,,,,,,,,,,,,,,,,,,,,,,,,,,,,,,,,,,,,,,,,,,,,,,,,,,,
,6249,0.592238843,4.488165855,0.000991545,0.142430782,115,,,,,,,,,,,,,,,,,,,,,,,,,,,,,,,,,,,,,,,,,,,,,,,,,,,,,
,6263,,,,,115,1.183563948,9.785228729,0.021269511,0.18377167,,,,,,,,,,,,,,,,,,,,,,,,,,,,,,,,,,,,,,,,,,,,,,,,,
5.00E-06,6299,,,,,,,,,,,,,,,,,,,,,,,,,,,,,,,,,,,,,,,,,,,,,,,,,,,,,,,,,,
,6299,3.022584677,29.1001606,0.0313037,0.081264675,116,,,,,,,,,,,,,,,,,,,,,,,,,,,,,,,,,,,,,,,,,,,,,,,,,,,,,
,6317,,,,,116,0.984201133,8.134530067,0.015459158,0.155288994,,,,,,,,,,,,,,,,,,,,,,,,,,,,,,,,,,,,,,,,,,,,,,,,,
5.00E-06,6349,,,,,,,,,,,,,,,,,,,,,,,,,,,,,,,,,,,,,,,,,,,,,,,,,,,,,,,,,,
,6349,0.543275177,0.000993165,0.011080661,0.532095194,117,,,,,,,,,,,,,,,,,,,,,,,,,,,,,,,,,,,,,,,,,,,,,,,,,,,,,
,6371,,,,,117,1.225526452,10.69080067,0.022757068,0.133689627,,,,,,,,,,,,,,,,,,,,,,,,,,,,,,,,,,,,,,,,,,,,,,,,,
5.00E-06,6399,,,,,,,,,,,,,,,,,,,,,,,,,,,,,,,,,,,,,,,,,,,,,,,,,,,,,,,,,,
,6399,0.90012604,8.399553299,0.011530004,0.048640698,118,,,,,,,,,,,,,,,,,,,,,,,,,,,,,,,,,,,,,,,,,,,,,,,,,,,,,
,6425,,,,,118,0.951515436,7.91660881,0.019873904,0.139980689,,,,,,,,,,,,,,,,,,,,,,,,,,,,,,,,,,,,,,,,,,,,,,,,,
5.00E-06,6449,,,,,,,,,,,,,,,,,,,,,,,,,,,,,,,,,,,,,,,,,,,,,,,,,,,,,,,,,,
,6449,2.072855473,18.33530045,0.191298738,0.048026595,119,,,,,,,,,,,,,,,,,,,,,,,,,,,,,,,,,,,,,,,,,,,,,,,,,,,,,
,6479,,,,,119,,,,,1.1902107,9.976840019,0.010396294,0.182130307,,,,,,,,,,,,,,,,,,,,,,,,,,,,,,,,,,,,,,,,,,,,,
,6479,,,,,119,1.133478999,9.582959175,0.024026085,0.151157007,,,,,,,,,,,,,,,,,,,,,,,,,,,,,,,,,,,,,,,,,,,,,,,,,
5.00E-06,6499,,,,,,,,,,,,,,,,,,,,,,,,,,,,,,,,,,,,,,,,,,,,,,,,,,,,,,,,,,
,6499,0.22285521,0.284418851,0.000811239,0.193602085,120,,,,,,,,,,,,,,,,,,,,,,,,,,,,,,,,,,,,,,,,,,,,,,,,,,,,,
,6533,,,,,120,0.9929564,7.937817097,0.018375959,0.180798516,,,,,,,,,,,,,,,,,,,,,,,,,,,,,,,,,,,,,,,,,,,,,,,,,
5.00E-06,6549,,,,,,,,,,,,,,,,,,,,,,,,,,,,,,,,,,,,,,,,,,,,,,,,,,,,,,,,,,
,6549,1.028947473,7.71723938,0.257158399,6.51E-05,121,,,,,,,,,,,,,,,,,,,,,,,,,,,,,,,,,,,,,,,,,,,,,,,,,,,,,
,6587,,,,,121,1.116247296,9.31897831,0.037520286,0.146829158,,,,,,,,,,,,,,,,,,,,,,,,,,,,,,,,,,,,,,,,,,,,,,,,,
5.00E-06,6599,,,,,,,,,,,,,,,,,,,,,,,,,,,,,,,,,,,,,,,,,,,,,,,,,,,,,,,,,,
,6599,0.386720359,1.64597857,0.124068864,0.098053657,122,,,,,,,,,,,,,,,,,,,,,,,,,,,,,,,,,,,,,,,,,,,,,,,,,,,,,
,6641,,,,,122,1.212247014,10.27441502,0.027724771,0.157080784,,,,,,,,,,,,,,,,,,,,,,,,,,,,,,,,,,,,,,,,,,,,,,,,,
5.00E-06,6649,,,,,,,,,,,,,,,,,,,,,,,,,,,,,,,,,,,,,,,,,,,,,,,,,,,,,,,,,,
,6649,0.096484043,0.150480092,0.000898871,0.080537163,123,,,,,,,,,,,,,,,,,,,,,,,,,,,,,,,,,,,,,,,,,,,,,,,,,,,,,
,6695,,,,,123,1.071351171,8.857884407,0.019885637,0.16567713,,,,,,,,,,,,,,,,,,,,,,,,,,,,,,,,,,,,,,,,,,,,,,,,,
5.00E-06,6699,,,,,,,,,,,,,,,,,,,,,,,,,,,,,,,,,,,,,,,,,,,,,,,,,,,,,,,,,,
,6699,4.17954874,37.83469391,0.008295433,0.387783587,124,,,,,,,,,,,,,,,,,,,,,,,,,,,,,,,,,,,,,,,,,,,,,,,,,,,,,
5.00E-06,6749,,,,,,,,,,,,,,,,,,,,,,,,,,,,,,,,,,,,,,,,,,,,,,,,,,,,,,,,,,
,6749,0.670300245,6.394966125,0.006421195,0.024382401,124,,,,,,,,,,,,,,,,,,,,,,,,,,,,,,,,,,,,,,,,,,,,,,,,,,,,,
,6749,,,,,124,,,,,1.02237165,8.245882988,0.011015124,0.186768174,,,,,,,,,,,,,,,,,,,,,,,,,,,,,,,,,,,,,,,,,,,,,
,6749,,,,,124,1.038957119,8.596367836,0.019149825,0.16017063,,,,,,,,,,,,,,,,,,,,,,,,,,,,,,,,,,,,,,,,,,,,,,,,,
5.00E-06,6799,,,,,,,,,,,,,,,,,,,,,,,,,,,,,,,,,,,,,,,,,,,,,,,,,,,,,,,,,,
,6799,0.255626708,2.101996183,0.004612989,0.040814102,125,,,,,,,,,,,,,,,,,,,,,,,,,,,,,,,,,,,,,,,,,,,,,,,,,,,,,
,6803,,,,,125,1.132619381,9.516340256,0.02252619,0.158459201,,,,,,,,,,,,,,,,,,,,,,,,,,,,,,,,,,,,,,,,,,,,,,,,,
5.00E-06,6849,,,,,,,,,,,,,,,,,,,,,,,,,,,,,,,,,,,,,,,,,,,,,,,,,,,,,,,,,,
,6849,0.317252219,0.010468161,0.00158025,0.314625144,126,,,,,,,,,,,,,,,,,,,,,,,,,,,,,,,,,,,,,,,,,,,,,,,,,,,,,
,6857,,,,,126,1.27152586,10.8334465,0.013981782,0.174199656,,,,,,,,,,,,,,,,,,,,,,,,,,,,,,,,,,,,,,,,,,,,,,,,,
5.00E-06,6899,,,,,,,,,,,,,,,,,,,,,,,,,,,,,,,,,,,,,,,,,,,,,,,,,,,,,,,,,,
,6899,0.091093063,0.892661989,0.001644572,0.000182287,127,,,,,,,,,,,,,,,,,,,,,,,,,,,,,,,,,,,,,,,,,,,,,,,,,,,,,
,6911,,,,,127,1.128286839,9.359528542,0.028580986,0.163753062,,,,,,,,,,,,,,,,,,,,,,,,,,,,,,,,,,,,,,,,,,,,,,,,,
5.00E-06,6949,,,,,,,,,,,,,,,,,,,,,,,,,,,,,,,,,,,,,,,,,,,,,,,,,,,,,,,,,,
,6949,0.165168762,1.520156384,0.013146762,6.37E-06,128,,,,,,,,,,,,,,,,,,,,,,,,,,,,,,,,,,,,,,,,,,,,,,,,,,,,,
,6965,,,,,128,1.120200276,9.268738747,0.020450763,0.1728753,,,,,,,,,,,,,,,,,,,,,,,,,,,,,,,,,,,,,,,,,,,,,,,,,
5.00E-06,6999,,,,,,,,,,,,,,,,,,,,,,,,,,,,,,,,,,,,,,,,,,,,,,,,,,,,,,,,,,
,6999,0.310265064,2.956160069,0.00556619,0.009082855,129,,,,,,,,,,,,,,,,,,,,,,,,,,,,,,,,,,,,,,,,,,,,,,,,,,,,,
,7019,,,,,129,,,,,1.331351399,10.63137245,0.010282163,0.257932156,,,,,,,,,,,,,,,,,,,,,,,,,,,,,,,,,,,,,,,,,,,,,
,7019,,,,,129,1.273342371,11.20950508,0.019145556,0.133246124,,,,,,,,,,,,,,,,,,,,,,,,,,,,,,,,,,,,,,,,,,,,,,,,,
5.00E-06,7049,,,,,,,,,,,,,,,,,,,,,,,,,,,,,,,,,,,,,,,,,,,,,,,,,,,,,,,,,,
,7049,0.49912262,1.251243114,0.002343786,0.37165451,130,,,,,,,,,,,,,,,,,,,,,,,,,,,,,,,,,,,,,,,,,,,,,,,,,,,,,
,7073,,,,,130,0.845147371,6.737025738,0.017550303,0.153894633,,,,,,,,,,,,,,,,,,,,,,,,,,,,,,,,,,,,,,,,,,,,,,,,,
5.00E-06,7099,,,,,,,,,,,,,,,,,,,,,,,,,,,,,,,,,,,,,,,,,,,,,,,,,,,,,,,,,,
,7099,10.49030495,95.83782959,0.103702068,0.80281949,131,,,,,,,,,,,,,,,,,,,,,,,,,,,,,,,,,,,,,,,,,,,,,,,,,,,,,
,7127,,,,,131,1.306439519,11.1328907,0.016626149,0.176524639,,,,,,,,,,,,,,,,,,,,,,,,,,,,,,,,,,,,,,,,,,,,,,,,,
5.00E-06,7149,,,,,,,,,,,,,,,,,,,,,,,,,,,,,,,,,,,,,,,,,,,,,,,,,,,,,,,,,,
,7149,0.261048913,2.405067682,0.009571338,0.010970816,132,,,,,,,,,,,,,,,,,,,,,,,,,,,,,,,,,,,,,,,,,,,,,,,,,,,,,
,7181,,,,,132,0.932617962,7.758815289,0.031061713,0.125674456,,,,,,,,,,,,,,,,,,,,,,,,,,,,,,,,,,,,,,,,,,,,,,,,,
5.00E-06,7199,,,,,,,,,,,,,,,,,,,,,,,,,,,,,,,,,,,,,,,,,,,,,,,,,,,,,,,,,,
,7199,0.22947982,0.084130868,0.00148058,0.219586134,133,,,,,,,,,,,,,,,,,,,,,,,,,,,,,,,,,,,,,,,,,,,,,,,,,,,,,
,7235,,,,,133,1.210852265,9.866218567,0.026361417,0.197869018,,,,,,,,,,,,,,,,,,,,,,,,,,,,,,,,,,,,,,,,,,,,,,,,,
5.00E-06,7249,,,,,,,,,,,,,,,,,,,,,,,,,,,,,,,,,,,,,,,,,,,,,,,,,,,,,,,,,,
,7249,0.578213632,5.553120136,0.020622639,0.002278962,134,,,,,,,,,,,,,,,,,,,,,,,,,,,,,,,,,,,,,,,,,,,,,,,,,,,,,
,7289,,,,,134,,,,,1.12016809,10.10744476,0.006284875,0.103139028,,,,,,,,,,,,,,,,,,,,,,,,,,,,,,,,,,,,,,,,,,,,,
,7289,,,,,134,0.944777191,7.955067158,0.016020402,0.133250073,,,,,,,,,,,,,,,,,,,,,,,,,,,,,,,,,,,,,,,,,,,,,,,,,
5.00E-06,7299,,,,,,,,,,,,,,,,,,,,,,,,,,,,,,,,,,,,,,,,,,,,,,,,,,,,,,,,,,
,7299,1.900986314,14.99375725,0.018224599,0.383385986,135,,,,,,,,,,,,,,,,,,,,,,,,,,,,,,,,,,,,,,,,,,,,,,,,,,,,,
,7343,,,,,135,0.954879284,7.694705009,0.020021759,0.165386856,,,,,,,,,,,,,,,,,,,,,,,,,,,,,,,,,,,,,,,,,,,,,,,,,
5.00E-06,7349,,,,,,,,,,,,,,,,,,,,,,,,,,,,,,,,,,,,,,,,,,,,,,,,,,,,,,,,,,
,7349,3.299929619,30.59078407,0.054338563,0.186512709,136,,,,,,,,,,,,,,,,,,,,,,,,,,,,,,,,,,,,,,,,,,,,,,,,,,,,,
,7397,,,,,136,0.965725839,7.98655653,0.017480051,0.14959009,,,,,,,,,,,,,,,,,,,,,,,,,,,,,,,,,,,,,,,,,,,,,,,,,
5.00E-06,7399,,,,,,,,,,,,,,,,,,,,,,,,,,,,,,,,,,,,,,,,,,,,,,,,,,,,,,,,,,
,7399,2.380651712,21.96296692,0.002046351,0.182308495,137,,,,,,,,,,,,,,,,,,,,,,,,,,,,,,,,,,,,,,,,,,,,,,,,,,,,,
5.00E-06,7449,,,,,,,,,,,,,,,,,,,,,,,,,,,,,,,,,,,,,,,,,,,,,,,,,,,,,,,,,,
,7449,0.238707274,0.189301819,0.001546828,0.218230277,137,,,,,,,,,,,,,,,,,,,,,,,,,,,,,,,,,,,,,,,,,,,,,,,,,,,,,
,7451,,,,,137,1.05538547,8.943879128,0.023931364,0.137065992,,,,,,,,,,,,,,,,,,,,,,,,,,,,,,,,,,,,,,,,,,,,,,,,,
5.00E-06,7499,,,,,,,,,,,,,,,,,,,,,,,,,,,,,,,,,,,,,,,,,,,,,,,,,,,,,,,,,,
,7499,0.546403646,1.25415957,0.004669399,0.416318268,138,,,,,,,,,,,,,,,,,,,,,,,,,,,,,,,,,,,,,,,,,,,,,,,,,,,,,
,7505,,,,,138,0.960035861,7.643929005,0.028568063,0.167075023,,,,,,,,,,,,,,,,,,,,,,,,,,,,,,,,,,,,,,,,,,,,,,,,,
5.00E-06,7549,,,,,,,,,,,,,,,,,,,,,,,,,,,,,,,,,,,,,,,,,,,,,,,,,,,,,,,,,,
,7549,0.574950755,4.121474266,0.020323645,0.142479643,139,,,,,,,,,,,,,,,,,,,,,,,,,,,,,,,,,,,,,,,,,,,,,,,,,,,,,
,7559,,,,,139,,,,,1.044836283,9.033371925,0.034777116,0.106721923,,,,,,,,,,,,,,,,,,,,,,,,,,,,,,,,,,,,,,,,,,,,,
,7559,,,,,139,1.219142437,10.39954472,0.026745511,0.152442262,,,,,,,,,,,,,,,,,,,,,,,,,,,,,,,,,,,,,,,,,,,,,,,,,
5.00E-06,7599,,,,,,,,,,,,,,,,,,,,,,,,,,,,,,,,,,,,,,,,,,,,,,,,,,,,,,,,,,
,7599,0.488339514,4.161900997,0.000751802,0.071397603,140,,,,,,,,,,,,,,,,,,,,,,,,,,,,,,,,,,,,,,,,,,,,,,,,,,,,,
,7613,,,,,140,1.06545043,8.788594246,0.024777539,0.161813602,,,,,,,,,,,,,,,,,,,,,,,,,,,,,,,,,,,,,,,,,,,,,,,,,
5.00E-06,7649,,,,,,,,,,,,,,,,,,,,,,,,,,,,,,,,,,,,,,,,,,,,,,,,,,,,,,,,,,
,7649,0.360503197,3.387279034,0.002787151,0.018988153,141,,,,,,,,,,,,,,,,,,,,,,,,,,,,,,,,,,,,,,,,,,,,,,,,,,,,,
,7667,,,,,141,1.013395905,8.209908485,0.022365328,0.170039952,,,,,,,,,,,,,,,,,,,,,,,,,,,,,,,,,,,,,,,,,,,,,,,,,
5.00E-06,7699,,,,,,,,,,,,,,,,,,,,,,,,,,,,,,,,,,,,,,,,,,,,,,,,,,,,,,,,,,
,7699,0.765953898,7.441948891,0.021026099,0.00073293,142,,,,,,,,,,,,,,,,,,,,,,,,,,,,,,,,,,,,,,,,,,,,,,,,,,,,,
,7721,,,,,142,0.993055046,8.295120239,0.019491604,0.144051254,,,,,,,,,,,,,,,,,,,,,,,,,,,,,,,,,,,,,,,,,,,,,,,,,
5.00E-06,7749,,,,,,,,,,,,,,,,,,,,,,,,,,,,,,,,,,,,,,,,,,,,,,,,,,,,,,,,,,
,7749,0.778521657,1.936953187,0.001972591,0.582853734,143,,,,,,,,,,,,,,,,,,,,,,,,,,,,,,,,,,,,,,,,,,,,,,,,,,,,,
,7775,,,,,143,1.064054966,9.113300323,0.021236794,0.13148807,,,,,,,,,,,,,,,,,,,,,,,,,,,,,,,,,,,,,,,,,,,,,,,,,
5.00E-06,7799,,,,,,,,,,,,,,,,,,,,,,,,,,,,,,,,,,,,,,,,,,,,,,,,,,,,,,,,,,
,7799,1.069391489,8.822927475,0.002489538,0.184609264,144,,,,,,,,,,,,,,,,,,,,,,,,,,,,,,,,,,,,,,,,,,,,,,,,,,,,,
,7829,,,,,144,,,,,0.959527969,7.011900902,0.004597758,0.253740042,,,,,,,,,,,,,,,,,,,,,,,,,,,,,,,,,,,,,,,,,,,,,
,7829,,,,,144,1.037388325,8.875627518,0.013021296,0.136804312,,,,,,,,,,,,,,,,,,,,,,,,,,,,,,,,,,,,,,,,,,,,,,,,,
5.00E-06,7849,,,,,,,,,,,,,,,,,,,,,,,,,,,,,,,,,,,,,,,,,,,,,,,,,,,,,,,,,,
,7849,1.596160293,14.65077877,0.033470109,0.097612306,145,,,,,,,,,,,,,,,,,,,,,,,,,,,,,,,,,,,,,,,,,,,,,,,,,,,,,
,7883,,,,,145,0.996015847,7.840377331,0.026072189,0.185905516,,,,,,,,,,,,,,,,,,,,,,,,,,,,,,,,,,,,,,,,,,,,,,,,,
5.00E-06,7899,,,,,,,,,,,,,,,,,,,,,,,,,,,,,,,,,,,,,,,,,,,,,,,,,,,,,,,,,,
,7899,0.503283203,3.820402145,0.024038672,0.097204268,146,,,,,,,,,,,,,,,,,,,,,,,,,,,,,,,,,,,,,,,,,,,,,,,,,,,,,
,7937,,,,,146,1.016178608,8.434803009,0.019032752,0.153665289,,,,,,,,,,,,,,,,,,,,,,,,,,,,,,,,,,,,,,,,,,,,,,,,,
5.00E-06,7949,,,,,,,,,,,,,,,,,,,,,,,,,,,,,,,,,,,,,,,,,,,,,,,,,,,,,,,,,,
,7949,2.049585342,16.35134315,0.00549707,0.408953935,147,,,,,,,,,,,,,,,,,,,,,,,,,,,,,,,,,,,,,,,,,,,,,,,,,,,,,
,7991,,,,,147,1.107533574,9.6544981,0.017242208,0.12484166,,,,,,,,,,,,,,,,,,,,,,,,,,,,,,,,,,,,,,,,,,,,,,,,,
5.00E-06,7999,,,,,,,,,,,,,,,,,,,,,,,,,,,,,,,,,,,,,,,,,,,,,,,,,,,,,,,,,,
,7999,3.187664747,29.15313721,0.042546656,0.229804203,148,,,,,,,,,,,,,,,,,,,,,,,,,,,,,,,,,,,,,,,,,,,,,,,,,,,,,
,8045,,,,,148,1.169832468,10.08211899,0.013990284,0.14763017,,,,,,,,,,,,,,,,,,,,,,,,,,,,,,,,,,,,,,,,,,,,,,,,,
5.00E-06,8049,,,,,,,,,,,,,,,,,,,,,,,,,,,,,,,,,,,,,,,,,,,,,,,,,,,,,,,,,,
,8049,0.111722335,0.207245842,0.002696916,0.088300839,149,,,,,,,,,,,,,,,,,,,,,,,,,,,,,,,,,,,,,,,,,,,,,,,,,,,,,
5.00E-06,8099,,,,,,,,,,,,,,,,,,,,,,,,,,,,,,,,,,,,,,,,,,,,,,,,,,,,,,,,,,
,8099,2.045164585,18.89800835,0.006511255,0.148852319,149,,,,,,,,,,,,,,,,,,,,,,,,,,,,,,,,,,,,,,,,,,,,,,,,,,,,,
,8099,,,,,149,,,,,0.821681678,6.369604111,0.005363847,0.179357499,,,,,,,,,,,,,,,,,,,,,,,,,,,,,,,,,,,,,,,,,,,,,
,8099,,,,,149,1.108410835,9.444637299,0.013230206,0.150716648,,,,,,,,,,,,,,,,,,,,,,,,,,,,,,,,,,,,,,,,,,,,,,,,,
5.00E-06,8149,,,,,,,,,,,,,,,,,,,,,,,,,,,,,,,,,,,,,,,,,,,,,,,,,,,,,,,,,,
,8149,0.424065709,4.0221138,0.021062458,0.000791897,150,,,,,,,,,,,,,,,,,,,,,,,,,,,,,,,,,,,,,,,,,,,,,,,,,,,,,
,8153,,,,,150,1.016625762,8.253258705,0.017715575,0.173584238,,,,,,,,,,,,,,,,,,,,,,,,,,,,,,,,,,,,,,,,,,,,,,,,,
5.00E-06,8199,,,,,,,,,,,,,,,,,,,,,,,,,,,,,,,,,,,,,,,,,,,,,,,,,,,,,,,,,,
,8199,0.13118726,0.814036131,0.001238481,0.048545167,151,,,,,,,,,,,,,,,,,,,,,,,,,,,,,,,,,,,,,,,,,,,,,,,,,,,,,
,8207,,,,,151,1.048208475,8.682044029,0.020465609,0.159538329,,,,,,,,,,,,,,,,,,,,,,,,,,,,,,,,,,,,,,,,,,,,,,,,,
5.00E-06,8249,,,,,,,,,,,,,,,,,,,,,,,,,,,,,,,,,,,,,,,,,,,,,,,,,,,,,,,,,,
,8249,1.317134619,11.8308897,0.014346119,0.119699575,152,,,,,,,,,,,,,,,,,,,,,,,,,,,,,,,,,,,,,,,,,,,,,,,,,,,,,
,8261,,,,,152,1.177301407,10.04462528,0.021203466,0.151635483,,,,,,,,,,,,,,,,,,,,,,,,,,,,,,,,,,,,,,,,,,,,,,,,,
5.00E-06,8299,,,,,,,,,,,,,,,,,,,,,,,,,,,,,,,,,,,,,,,,,,,,,,,,,,,,,,,,,,
,8299,0.560621083,5.550656319,0.005393738,0.000161733,153,,,,,,,,,,,,,,,,,,,,,,,,,,,,,,,,,,,,,,,,,,,,,,,,,,,,,
,8315,,,,,153,1.012907147,8.432035446,0.012570921,0.157132819,,,,,,,,,,,,,,,,,,,,,,,,,,,,,,,,,,,,,,,,,,,,,,,,,
5.00E-06,8349,,,,,,,,,,,,,,,,,,,,,,,,,,,,,,,,,,,,,,,,,,,,,,,,,,,,,,,,,,
,8349,3.796285391,32.46084595,0.024909148,0.52529186,154,,,,,,,,,,,,,,,,,,,,,,,,,,,,,,,,,,,,,,,,,,,,,,,,,,,,,
,8369,,,,,154,,,,,0.915354848,7.855335236,0.015765466,0.114055716,,,,,,,,,,,,,,,,,,,,,,,,,,,,,,,,,,,,,,,,,,,,,
,8369,,,,,154,1.337107062,11.4843483,0.027831985,0.160840154,,,,,,,,,,,,,,,,,,,,,,,,,,,,,,,,,,,,,,,,,,,,,,,,,
5.00E-06,8399,,,,,,,,,,,,,,,,,,,,,,,,,,,,,,,,,,,,,,,,,,,,,,,,,,,,,,,,,,
,8399,1.562867403,11.916255,0.002193566,0.369048387,155,,,,,,,,,,,,,,,,,,,,,,,,,,,,,,,,,,,,,,,,,,,,,,,,,,,,,
,8423,,,,,155,1.098536491,9.624851227,0.018467098,0.117584378,,,,,,,,,,,,,,,,,,,,,,,,,,,,,,,,,,,,,,,,,,,,,,,,,
5.00E-06,8449,,,,,,,,,,,,,,,,,,,,,,,,,,,,,,,,,,,,,,,,,,,,,,,,,,,,,,,,,,
,8449,1.408610344,13.73243427,0.01309646,0.02227051,156,,,,,,,,,,,,,,,,,,,,,,,,,,,,,,,,,,,,,,,,,,,,,,,,,,,,,
,8477,,,,,156,1.123497844,9.716556549,0.017393222,0.13444908,,,,,,,,,,,,,,,,,,,,,,,,,,,,,,,,,,,,,,,,,,,,,,,,,
5.00E-06,8499,,,,,,,,,,,,,,,,,,,,,,,,,,,,,,,,,,,,,,,,,,,,,,,,,,,,,,,,,,
,8499,1.069298983,9.669566154,0.021828676,0.080513597,157,,,,,,,,,,,,,,,,,,,,,,,,,,,,,,,,,,,,,,,,,,,,,,,,,,,,,
,8531,,,,,157,0.98805052,8.446546555,0.018885326,0.124510638,,,,,,,,,,,,,,,,,,,,,,,,,,,,,,,,,,,,,,,,,,,,,,,,,
5.00E-06,8549,,,,,,,,,,,,,,,,,,,,,,,,,,,,,,,,,,,,,,,,,,,,,,,,,,,,,,,,,,
,8549,2.210478783,17.10325241,0.009074761,0.491078734,158,,,,,,,,,,,,,,,,,,,,,,,,,,,,,,,,,,,,,,,,,,,,,,,,,,,,,
,8585,,,,,158,0.827062964,6.336411476,0.01284867,0.180572897,,,,,,,,,,,,,,,,,,,,,,,,,,,,,,,,,,,,,,,,,,,,,,,,,
5.00E-06,8599,,,,,,,,,,,,,,,,,,,,,,,,,,,,,,,,,,,,,,,,,,,,,,,,,,,,,,,,,,
,8599,0.446380138,2.383908987,0.191730663,0.016258555,159,,,,,,,,,,,,,,,,,,,,,,,,,,,,,,,,,,,,,,,,,,,,,,,,,,,,,
,8639,,,,,159,,,,,0.630004883,4.585488796,0.019618157,0.151837766,,,,,,,,,,,,,,,,,,,,,,,,,,,,,,,,,,,,,,,,,,,,,
,8639,,,,,159,0.799592257,6.014816284,0.016756376,0.181354344,,,,,,,,,,,,,,,,,,,,,,,,,,,,,,,,,,,,,,,,,,,,,,,,,
5.00E-06,8649,,,,,,,,,,,,,,,,,,,,,,,,,,,,,,,,,,,,,,,,,,,,,,,,,,,,,,,,,,
,8649,0.670629621,5.476042747,0.003529998,0.119495369,160,,,,,,,,,,,,,,,,,,,,,,,,,,,,,,,,,,,,,,,,,,,,,,,,,,,,,
,8693,,,,,160,0.964786112,8.153291702,0.018124694,0.131332412,,,,,,,,,,,,,,,,,,,,,,,,,,,,,,,,,,,,,,,,,,,,,,,,,
5.00E-06,8699,,,,,,,,,,,,,,,,,,,,,,,,,,,,,,,,,,,,,,,,,,,,,,,,,,,,,,,,,,
,8699,1.568548203,14.81569672,0.055561338,0.031417169,161,,,,,,,,,,,,,,,,,,,,,,,,,,,,,,,,,,,,,,,,,,,,,,,,,,,,,
,8747,,,,,161,1.121739507,9.671961784,0.015465335,0.13907817,,,,,,,,,,,,,,,,,,,,,,,,,,,,,,,,,,,,,,,,,,,,,,,,,
5.00E-06,8749,,,,,,,,,,,,,,,,,,,,,,,,,,,,,,,,,,,,,,,,,,,,,,,,,,,,,,,,,,
,8749,0.782688022,3.756622314,0.009774255,0.397251546,162,,,,,,,,,,,,,,,,,,,,,,,,,,,,,,,,,,,,,,,,,,,,,,,,,,,,,
5.00E-06,8799,,,,,,,,,,,,,,,,,,,,,,,,,,,,,,,,,,,,,,,,,,,,,,,,,,,,,,,,,,
,8799,0.169819683,0.095888183,0.001458055,0.158772811,162,,,,,,,,,,,,,,,,,,,,,,,,,,,,,,,,,,,,,,,,,,,,,,,,,,,,,
,8801,,,,,162,1.212900281,10.15609741,0.015356727,0.181933865,,,,,,,,,,,,,,,,,,,,,,,,,,,,,,,,,,,,,,,,,,,,,,,,,
5.00E-06,8849,,,,,,,,,,,,,,,,,,,,,,,,,,,,,,,,,,,,,,,,,,,,,,,,,,,,,,,,,,
,8849,0.532195747,0.001765073,0.00108077,0.530938506,163,,,,,,,,,,,,,,,,,,,,,,,,,,,,,,,,,,,,,,,,,,,,,,,,,,,,,
,8855,,,,,163,1.129983425,9.629735947,0.019430129,0.147579879,,,,,,,,,,,,,,,,,,,,,,,,,,,,,,,,,,,,,,,,,,,,,,,,,
5.00E-06,8899,,,,,,,,,,,,,,,,,,,,,,,,,,,,,,,,,,,,,,,,,,,,,,,,,,,,,,,,,,
,8899,1.952856779,18.87070084,0.058541972,0.007244646,164,,,,,,,,,,,,,,,,,,,,,,,,,,,,,,,,,,,,,,,,,,,,,,,,,,,,,
,8909,,,,,164,,,,,0.984775245,8.477361679,0.012166246,0.124872863,,,,,,,,,,,,,,,,,,,,,,,,,,,,,,,,,,,,,,,,,,,,,
,8909,,,,,164,1.085547328,9.150007248,0.024880638,0.145665884,,,,,,,,,,,,,,,,,,,,,,,,,,,,,,,,,,,,,,,,,,,,,,,,,
5.00E-06,8949,,,,,,,,,,,,,,,,,,,,,,,,,,,,,,,,,,,,,,,,,,,,,,,,,,,,,,,,,,
,8949,0.281436265,2.6358459,0.017491929,0.000359741,165,,,,,,,,,,,,,,,,,,,,,,,,,,,,,,,,,,,,,,,,,,,,,,,,,,,,,
,8963,,,,,165,0.96122247,8.018182755,0.011842938,0.147561178,,,,,,,,,,,,,,,,,,,,,,,,,,,,,,,,,,,,,,,,,,,,,,,,,
5.00E-06,8999,,,,,,,,,,,,,,,,,,,,,,,,,,,,,,,,,,,,,,,,,,,,,,,,,,,,,,,,,,
,8999,1.55475843,13.32707691,0.005449036,0.21660161,166,,,,,,,,,,,,,,,,,,,,,,,,,,,,,,,,,,,,,,,,,,,,,,,,,,,,,
,9017,,,,,166,0.932133436,7.842452049,0.016683469,0.131204858,,,,,,,,,,,,,,,,,,,,,,,,,,,,,,,,,,,,,,,,,,,,,,,,,
5.00E-06,9049,,,,,,,,,,,,,,,,,,,,,,,,,,,,,,,,,,,,,,,,,,,,,,,,,,,,,,,,,,
,9049,0.813872457,6.896944523,0.006111917,0.118066065,167,,,,,,,,,,,,,,,,,,,,,,,,,,,,,,,,,,,,,,,,,,,,,,,,,,,,,
,9071,,,,,167,0.944880724,7.621582985,0.020588895,0.162133515,,,,,,,,,,,,,,,,,,,,,,,,,,,,,,,,,,,,,,,,,,,,,,,,,
5.00E-06,9099,,,,,,,,,,,,,,,,,,,,,,,,,,,,,,,,,,,,,,,,,,,,,,,,,,,,,,,,,,
,9099,3.218616724,30.0474987,0.008071487,0.205795139,168,,,,,,,,,,,,,,,,,,,,,,,,,,,,,,,,,,,,,,,,,,,,,,,,,,,,,
,9125,,,,,168,1.10898447,9.610567093,0.019842016,0.128085628,,,,,,,,,,,,,,,,,,,,,,,,,,,,,,,,,,,,,,,,,,,,,,,,,
5.00E-06,9149,,,,,,,,,,,,,,,,,,,,,,,,,,,,,,,,,,,,,,,,,,,,,,,,,,,,,,,,,,
,9149,0.125294492,0.316407979,0.001336822,0.092316873,169,,,,,,,,,,,,,,,,,,,,,,,,,,,,,,,,,,,,,,,,,,,,,,,,,,,,,
,9179,,,,,169,,,,,0.881539643,7.63519001,0.025846576,0.092173986,,,,,,,,,,,,,,,,,,,,,,,,,,,,,,,,,,,,,,,,,,,,,
,9179,,,,,169,0.928604543,7.777425289,0.01118058,0.139681369,,,,,,,,,,,,,,,,,,,,,,,,,,,,,,,,,,,,,,,,,,,,,,,,,
5.00E-06,9199,,,,,,,,,,,,,,,,,,,,,,,,,,,,,,,,,,,,,,,,,,,,,,,,,,,,,,,,,,
,9199,0.203681201,0.796043456,0.005873014,0.118203826,170,,,,,,,,,,,,,,,,,,,,,,,,,,,,,,,,,,,,,,,,,,,,,,,,,,,,,
,9233,,,,,170,1.109100938,9.685591698,0.012382418,0.128159493,,,,,,,,,,,,,,,,,,,,,,,,,,,,,,,,,,,,,,,,,,,,,,,,,
5.00E-06,9249,,,,,,,,,,,,,,,,,,,,,,,,,,,,,,,,,,,,,,,,,,,,,,,,,,,,,,,,,,
,9249,1.589077473,13.83318329,0.205643475,0.000115515,171,,,,,,,,,,,,,,,,,,,,,,,,,,,,,,,,,,,,,,,,,,,,,,,,,,,,,
,9287,,,,,171,1.084605098,9.41146946,0.016910944,0.126547173,,,,,,,,,,,,,,,,,,,,,,,,,,,,,,,,,,,,,,,,,,,,,,,,,
5.00E-06,9299,,,,,,,,,,,,,,,,,,,,,,,,,,,,,,,,,,,,,,,,,,,,,,,,,,,,,,,,,,
,9299,0.826871157,7.948653221,0.008292469,0.023713293,172,,,,,,,,,,,,,,,,,,,,,,,,,,,,,,,,,,,,,,,,,,,,,,,,,,,,,
,9341,,,,,172,1.237173557,10.48252201,0.024334438,0.164586991,,,,,,,,,,,,,,,,,,,,,,,,,,,,,,,,,,,,,,,,,,,,,,,,,
5.00E-06,9349,,,,,,,,,,,,,,,,,,,,,,,,,,,,,,,,,,,,,,,,,,,,,,,,,,,,,,,,,,
,9349,0.819731355,7.248704433,0.009904595,0.084956251,173,,,,,,,,,,,,,,,,,,,,,,,,,,,,,,,,,,,,,,,,,,,,,,,,,,,,,
,9395,,,,,173,0.957077861,8.054517746,0.019773252,0.131853044,,,,,,,,,,,,,,,,,,,,,,,,,,,,,,,,,,,,,,,,,,,,,,,,,
5.00E-06,9399,,,,,,,,,,,,,,,,,,,,,,,,,,,,,,,,,,,,,,,,,,,,,,,,,,,,,,,,,,
,9399,0.231998876,0.744942129,0.002161834,0.155342832,174,,,,,,,,,,,,,,,,,,,,,,,,,,,,,,,,,,,,,,,,,,,,,,,,,,,,,
5.00E-06,9449,,,,,,,,,,,,,,,,,,,,,,,,,,,,,,,,,,,,,,,,,,,,,,,,,,,,,,,,,,
,9449,0.233849347,0.306019396,0.004017795,0.199229628,174,,,,,,,,,,,,,,,,,,,,,,,,,,,,,,,,,,,,,,,,,,,,,,,,,,,,,
,9449,,,,,174,,,,,1.172403455,10.27577019,0.013981636,0.130844772,,,,,,,,,,,,,,,,,,,,,,,,,,,,,,,,,,,,,,,,,,,,,
,9449,,,,,174,1.106157064,9.072886467,0.016778989,0.182089463,,,,,,,,,,,,,,,,,,,,,,,,,,,,,,,,,,,,,,,,,,,,,,,,,
5.00E-06,9499,,,,,,,,,,,,,,,,,,,,,,,,,,,,,,,,,,,,,,,,,,,,,,,,,,,,,,,,,,
,9499,0.986482859,8.717940331,0.040912684,0.073776014,175,,,,,,,,,,,,,,,,,,,,,,,,,,,,,,,,,,,,,,,,,,,,,,,,,,,,,
,9503,,,,,175,1.078008294,8.820350647,0.012727833,0.18324554,,,,,,,,,,,,,,,,,,,,,,,,,,,,,,,,,,,,,,,,,,,,,,,,,
5.00E-06,9549,,,,,,,,,,,,,,,,,,,,,,,,,,,,,,,,,,,,,,,,,,,,,,,,,,,,,,,,,,
,9549,1.478872895,9.874077797,0.005095114,0.486370057,176,,,,,,,,,,,,,,,,,,,,,,,,,,,,,,,,,,,,,,,,,,,,,,,,,,,,,
,9557,,,,,176,1.065703511,9.075724602,0.013807482,0.144323573,,,,,,,,,,,,,,,,,,,,,,,,,,,,,,,,,,,,,,,,,,,,,,,,,
5.00E-06,9599,,,,,,,,,,,,,,,,,,,,,,,,,,,,,,,,,,,,,,,,,,,,,,,,,,,,,,,,,,
,9599,0.268393159,0.668059886,0.001307591,0.200279593,177,,,,,,,,,,,,,,,,,,,,,,,,,,,,,,,,,,,,,,,,,,,,,,,,,,,,,
,9611,,,,,177,1.167652726,9.620857239,0.014494368,0.191072598,,,,,,,,,,,,,,,,,,,,,,,,,,,,,,,,,,,,,,,,,,,,,,,,,
5.00E-06,9649,,,,,,,,,,,,,,,,,,,,,,,,,,,,,,,,,,,,,,,,,,,,,,,,,,,,,,,,,,
,9649,0.705029964,5.379883766,0.00140251,0.165639073,178,,,,,,,,,,,,,,,,,,,,,,,,,,,,,,,,,,,,,,,,,,,,,,,,,,,,,
,9665,,,,,178,1.072646379,9.160711288,0.015870363,0.14070487,,,,,,,,,,,,,,,,,,,,,,,,,,,,,,,,,,,,,,,,,,,,,,,,,
5.00E-06,9699,,,,,,,,,,,,,,,,,,,,,,,,,,,,,,,,,,,,,,,,,,,,,,,,,,,,,,,,,,
,9699,0.965097427,7.294009686,0.00878489,0.226911545,179,,,,,,,,,,,,,,,,,,,,,,,,,,,,,,,,,,,,,,,,,,,,,,,,,,,,,
,9719,,,,,179,,,,,1.099392176,9.720362663,0.009222618,0.118133448,,,,,,,,,,,,,,,,,,,,,,,,,,,,,,,,,,,,,,,,,,,,,
,9719,,,,,179,0.994035959,8.089607239,0.020731151,0.164343655,,,,,,,,,,,,,,,,,,,,,,,,,,,,,,,,,,,,,,,,,,,,,,,,,
5.00E-06,9749,,,,,,,,,,,,,,,,,,,,,,,,,,,,,,,,,,,,,,,,,,,,,,,,,,,,,,,,,,
,9749,1.150604367,11.19038773,0.030702598,0.000862981,180,,,,,,,,,,,,,,,,,,,,,,,,,,,,,,,,,,,,,,,,,,,,,,,,,,,,,
,9773,,,,,180,0.92537117,7.437796116,0.017791612,0.163800076,,,,,,,,,,,,,,,,,,,,,,,,,,,,,,,,,,,,,,,,,,,,,,,,,
5.00E-06,9799,,,,,,,,,,,,,,,,,,,,,,,,,,,,,,,,,,,,,,,,,,,,,,,,,,,,,,,,,,
,9799,0.295308828,0.423041523,0.006598609,0.246406078,181,,,,,,,,,,,,,,,,,,,,,,,,,,,,,,,,,,,,,,,,,,,,,,,,,,,,,
,9827,,,,,181,0.865530908,7.35255003,0.022003006,0.108272851,,,,,,,,,,,,,,,,,,,,,,,,,,,,,,,,,,,,,,,,,,,,,,,,,
5.00E-06,9849,,,,,,,,,,,,,,,,,,,,,,,,,,,,,,,,,,,,,,,,,,,,,,,,,,,,,,,,,,
,9849,0.247612178,0.171200812,0.004943662,0.225548431,182,,,,,,,,,,,,,,,,,,,,,,,,,,,,,,,,,,,,,,,,,,,,,,,,,,,,,
,9881,,,,,182,1.140026927,9.603420258,0.013581931,0.16610302,,,,,,,,,,,,,,,,,,,,,,,,,,,,,,,,,,,,,,,,,,,,,,,,,
5.00E-06,9899,,,,,,,,,,,,,,,,,,,,,,,,,,,,,,,,,,,,,,,,,,,,,,,,,,,,,,,,,,
,9899,0.128346398,0.030273423,0.000483461,0.124835595,183,,,,,,,,,,,,,,,,,,,,,,,,,,,,,,,,,,,,,,,,,,,,,,,,,,,,,
,9935,,,,,183,1.064714074,8.909572601,0.0133181,0.160438567,,,,,,,,,,,,,,,,,,,,,,,,,,,,,,,,,,,,,,,,,,,,,,,,,
5.00E-06,9949,,,,,,,,,,,,,,,,,,,,,,,,,,,,,,,,,,,,,,,,,,,,,,,,,,,,,,,,,,
,9949,2.134636164,18.08172989,0.004635751,0.321827441,184,,,,,,,,,,,,,,,,,,,,,,,,,,,,,,,,,,,,,,,,,,,,,,,,,,,,,
,9989,,,,,184,,,,,0.872945905,6.461605072,0.009085726,0.217699572,,,,,,,,,,,,,,,,,,,,,,,,,,,,,,,,,,,,,,,,,,,,,
,9989,,,,,184,1.137852788,9.737604141,0.020170165,0.14392224,,,,,,,,,,,,,,,,,,,,,,,,,,,,,,,,,,,,,,,,,,,,,,,,,
5.00E-06,9999,,,,,,,,,,,,,,,,,,,,,,,,,,,,,,,,,,,,,,,,,,,,,,,,,,,,,,,,,,
,9999,0.327508807,3.162794113,0.011120472,0.000108931,185,,,,,,,,,,,,,,,,,,,,,,,,,,,,,,,,,,,,,,,,,,,,,,,,,,,,,
,10043,,,,,185,0.932212949,7.426460743,0.012080089,0.177486673,,,,,,,,,,,,,,,,,,,,,,,,,,,,,,,,,,,,,,,,,,,,,,,,,
5.00E-06,10049,,,,,,,,,,,,,,,,,,,,,,,,,,,,,,,,,,,,,,,,,,,,,,,,,,,,,,,,,,
,10049,1.231909871,10.04810333,0.012586479,0.21451287,186,,,,,,,,,,,,,,,,,,,,,,,,,,,,,,,,,,,,,,,,,,,,,,,,,,,,,
,10097,,,,,186,0.878867865,6.963541031,0.020433331,0.162080482,,,,,,,,,,,,,,,,,,,,,,,,,,,,,,,,,,,,,,,,,,,,,,,,,
5.00E-06,10099,,,,,,,,,,,,,,,,,,,,,,,,,,,,,,,,,,,,,,,,,,,,,,,,,,,,,,,,,,
,10099,1.479022741,10.33053589,0.024133662,0.421835452,187,,,,,,,,,,,,,,,,,,,,,,,,,,,,,,,,,,,,,,,,,,,,,,,,,,,,,
5.00E-06,10149,,,,,,,,,,,,,,,,,,,,,,,,,,,,,,,,,,,,,,,,,,,,,,,,,,,,,,,,,,
,10149,0.080647916,0.043080866,0.001248103,0.075091727,187,,,,,,,,,,,,,,,,,,,,,,,,,,,,,,,,,,,,,,,,,,,,,,,,,,,,,
,10151,,,,,187,0.956777334,7.752856731,0.012630247,0.168861359,,,,,,,,,,,,,,,,,,,,,,,,,,,,,,,,,,,,,,,,,,,,,,,,,
5.00E-06,10199,,,,,,,,,,,,,,,,,,,,,,,,,,,,,,,,,,,,,,,,,,,,,,,,,,,,,,,,,,
,10199,6.472972393,62.29826355,0.017710589,0.225435361,188,,,,,,,,,,,,,,,,,,,,,,,,,,,,,,,,,,,,,,,,,,,,,,,,,,,,,
,10205,,,,,188,1.106051445,9.501848221,0.017065093,0.13880147,,,,,,,,,,,,,,,,,,,,,,,,,,,,,,,,,,,,,,,,,,,,,,,,,
5.00E-06,10249,,,,,,,,,,,,,,,,,,,,,,,,,,,,,,,,,,,,,,,,,,,,,,,,,,,,,,,,,,
,10249,0.170710191,1.683828831,0.002294044,3.33E-05,189,,,,,,,,,,,,,,,,,,,,,,,,,,,,,,,,,,,,,,,,,,,,,,,,,,,,,
,10259,,,,,189,,,,,0.681906998,5.367471695,0.022971652,0.122188136,,,,,,,,,,,,,,,,,,,,,,,,,,,,,,,,,,,,,,,,,,,,,
,10259,,,,,189,1.288026929,11.36007881,0.016129371,0.135889545,,,,,,,,,,,,,,,,,,,,,,,,,,,,,,,,,,,,,,,,,,,,,,,,,
5.00E-06,10299,,,,,,,,,,,,,,,,,,,,,,,,,,,,,,,,,,,,,,,,,,,,,,,,,,,,,,,,,,
,10299,1.670504808,16.31105614,0.011602303,0.027796848,190,,,,,,,,,,,,,,,,,,,,,,,,,,,,,,,,,,,,,,,,,,,,,,,,,,,,,
,10313,,,,,190,1.124832988,9.456336975,0.020988328,0.158210695,,,,,,,,,,,,,,,,,,,,,,,,,,,,,,,,,,,,,,,,,,,,,,,,,
5.00E-06,10349,,,,,,,,,,,,,,,,,,,,,,,,,,,,,,,,,,,,,,,,,,,,,,,,,,,,,,,,,,
,10349,0.383478433,3.661143064,0.006100319,0.011263785,191,,,,,,,,,,,,,,,,,,,,,,,,,,,,,,,,,,,,,,,,,,,,,,,,,,,,,
,10367,,,,,191,0.89550221,7.303519726,0.015886299,0.149263933,,,,,,,,,,,,,,,,,,,,,,,,,,,,,,,,,,,,,,,,,,,,,,,,,
5.00E-06,10399,,,,,,,,,,,,,,,,,,,,,,,,,,,,,,,,,,,,,,,,,,,,,,,,,,,,,,,,,,
,10399,0.786180854,6.567695618,0.010144185,0.119267046,192,,,,,,,,,,,,,,,,,,,,,,,,,,,,,,,,,,,,,,,,,,,,,,,,,,,,,
,10421,,,,,192,0.922280848,7.348396778,0.030404154,0.157036811,,,,,,,,,,,,,,,,,,,,,,,,,,,,,,,,,,,,,,,,,,,,,,,,,
5.00E-06,10449,,,,,,,,,,,,,,,,,,,,,,,,,,,,,,,,,,,,,,,,,,,,,,,,,,,,,,,,,,
,10449,2.3740592,21.92538452,0.032763489,0.148757309,193,,,,,,,,,,,,,,,,,,,,,,,,,,,,,,,,,,,,,,,,,,,,,,,,,,,,,
,10475,,,,,193,1.08375001,9.17414856,0.017109685,0.149225295,,,,,,,,,,,,,,,,,,,,,,,,,,,,,,,,,,,,,,,,,,,,,,,,,
5.00E-06,10499,,,,,,,,,,,,,,,,,,,,,,,,,,,,,,,,,,,,,,,,,,,,,,,,,,,,,,,,,,
,10499,0.385427505,3.459763288,0.039177999,0.000273207,194,,,,,,,,,,,,,,,,,,,,,,,,,,,,,,,,,,,,,,,,,,,,,,,,,,,,,
,10529,,,,,194,,,,,0.913360953,8.141503334,0.014193334,0.085017383,,,,,,,,,,,,,,,,,,,,,,,,,,,,,,,,,,,,,,,,,,,,,
,10529,,,,,194,1.217796206,10.75174809,0.014078566,0.128543139,,,,,,,,,,,,,,,,,,,,,,,,,,,,,,,,,,,,,,,,,,,,,,,,,
5.00E-06,10549,,,,,,,,,,,,,,,,,,,,,,,,,,,,,,,,,,,,,,,,,,,,,,,,,,,,,,,,,,
,10549,0.35355711,3.495444298,0.003938504,7.42E-05,195,,,,,,,,,,,,,,,,,,,,,,,,,,,,,,,,,,,,,,,,,,,,,,,,,,,,,
,10583,,,,,195,1.034047604,8.814344406,0.012734937,0.139878467,,,,,,,,,,,,,,,,,,,,,,,,,,,,,,,,,,,,,,,,,,,,,,,,,
5.00E-06,10599,,,,,,,,,,,,,,,,,,,,,,,,,,,,,,,,,,,,,,,,,,,,,,,,,,,,,,,,,,
,10599,1.866915226,16.92053986,0.026023796,0.148837581,196,,,,,,,,,,,,,,,,,,,,,,,,,,,,,,,,,,,,,,,,,,,,,,,,,,,,,
,10637,,,,,196,1.022351027,8.613083839,0.011214461,0.149828047,,,,,,,,,,,,,,,,,,,,,,,,,,,,,,,,,,,,,,,,,,,,,,,,,
5.00E-06,10649,,,,,,,,,,,,,,,,,,,,,,,,,,,,,,,,,,,,,,,,,,,,,,,,,,,,,,,,,,
,10649,2.30875802,20.24326706,0.008959063,0.275472134,197,,,,,,,,,,,,,,,,,,,,,,,,,,,,,,,,,,,,,,,,,,,,,,,,,,,,,
,10691,,,,,197,1.028425694,8.818614006,0.011025586,0.135538831,,,,,,,,,,,,,,,,,,,,,,,,,,,,,,,,,,,,,,,,,,,,,,,,,
5.00E-06,10699,,,,,,,,,,,,,,,,,,,,,,,,,,,,,,,,,,,,,,,,,,,,,,,,,,,,,,,,,,
,10699,1.084439754,10.44337463,0.010002755,0.030099547,198,,,,,,,,,,,,,,,,,,,,,,,,,,,,,,,,,,,,,,,,,,,,,,,,,,,,,
,10745,,,,,198,0.878067017,7.177629471,0.020444738,0.139859378,,,,,,,,,,,,,,,,,,,,,,,,,,,,,,,,,,,,,,,,,,,,,,,,,
5.00E-06,10749,,,,,,,,,,,,,,,,,,,,,,,,,,,,,,,,,,,,,,,,,,,,,,,,,,,,,,,,,,
,10749,0.564195812,4.875235081,0.007412242,0.069260076,199,,,,,,,,,,,,,,,,,,,,,,,,,,,,,,,,,,,,,,,,,,,,,,,,,,,,,
5.00E-06,10799,,,,,,,,,,,,,,,,,,,,,,,,,,,,,,,,,,,,,,,,,,,,,,,,,,,,,,,,,,
,10799,1.954140663,18.55751419,0.014616437,0.083772831,199,,,,,,,,,,,,,,,,,,,,,,,,,,,,,,,,,,,,,,,,,,,,,,,,,,,,,
,10799,,,,,199,,,,,1.280505776,11.50451088,0.012088421,0.11796613,,,,,,,,,,,,,,,,,,,,,,,,,,,,,,,,,,,,,,,,,,,,,
,10799,,,,,199,1.035754919,8.862268448,0.027847841,0.121680275,,,,,,,,,,,,,,,,,,,,,,,,,,,,,,,,,,,,,,,,,,,,,,,,,
