loss_train_epoch,pos_train_epoch,cell_train_epoch,atomic_numbers_train_epoch,epoch,step,lr-Adam,loss_train_step,pos_train_step,cell_train_step,atomic_numbers_train_step,loss_val,pos_val,cell_val,atomic_numbers_val,,loss_train_step,loss_val
2.44212985,18.39806747,0.164025828,0.438297361,0,35,,,,,,,,,,1,1.305381536,2.283016205
,,,,,49,1.00E-06,,,,,,,,,2,0.853724003,
,,,,1,49,,1.305381536,12.88706589,0.00413112,0.01254384,,,,,3,3.037324429,
1.912491679,14.47598457,0.061228327,0.403664947,1,71,,,,,,,,,,4,1.972401381,3.301987648
,,,,,99,1.00E-06,,,,,,,,,5,1.265720129,
,,,,2,99,,0.853724003,8.445790291,0.007819063,0.00132586,,,,,6,4.683722019,
2.139838934,15.33110046,0.224121407,0.382607639,2,107,,,,,,,,,,7,5.435595036,3.089883566
2.125820637,16.82172394,0.08144816,0.362199873,3,143,,,,,,,,,,8,1.899940491,
,,,,,149,1.00E-06,,,,,,,,,9,5.255028248,
,,,,4,149,,3.037324429,25.84486961,0.180898786,0.271938562,,,,,10,1.028575301,2.077114105
,,,,4,179,,,,,,2.283016205,17.80408478,0.089827009,0.412780851,11,2.525335073,
2.253067017,18.02117348,0.078878835,0.372070581,4,179,,,,,,,,,,12,1.482596636,
,,,,,199,1.00E-06,,,,,,,,,13,0.642281651,2.510931253
,,,,5,199,,1.972401381,0.93672663,0.06910339,1.809625268,,,,,14,1.382218599,
1.93979013,14.13028336,0.120829955,0.405931652,5,215,,,,,,,,,,15,0.153950095,
,,,,,249,1.00E-06,,,,,,,,,16,0.203108132,2.758884192
,,,,6,249,,1.265720129,0.052317619,0.014565606,1.245922685,,,,,17,1.428597808,
1.760911345,12.40108871,0.094835043,0.425967008,6,251,,,,,,,,,,18,0.458423585,
2.047435045,14.55866528,0.181548163,0.410020739,7,287,,,,,,,,,,19,5.818811417,2.464560986
,,,,,299,1.00E-06,,,,,,,,,20,2.306621552,
,,,,8,299,,4.683722019,44.81129837,0.083169132,0.119422771,,,,,21,0.856200039,
2.233204603,18.32254601,0.062666684,0.338283092,8,323,,,,,,,,,,22,4.617923737,3.089203835
,,,,,349,1.00E-06,,,,,,,,,23,0.456264973,
,,,,9,349,,5.435595036,47.88754654,0.031907365,0.614932656,,,,,24,1.630638838,
,,,,9,359,,,,,,3.301987648,27.01203156,0.062103316,0.538681269,25,1.698264003,2.397732019
2.101650715,17.55231094,0.084305711,0.262114078,9,359,,,,,,,,,,26,0.215887576,
2.404818296,19.52310562,0.135923177,0.316583961,10,395,,,,,,,,,,27,0.377746105,
,,,,,399,1.00E-06,,,,,,,,,28,5.7345438,2.671041012
,,,,11,399,,1.899940491,16.09952927,0.03357435,0.256413311,,,,,29,7.203095913,
2.054777622,16.23543549,0.055213887,0.376019925,11,431,,,,,,,,,,30,0.521261275,
,,,,,449,1.00E-06,,,,,,,,,31,0.499884576,2.830205679
,,,,12,449,,5.255028248,36.13431168,0.049228467,1.592368722,,,,,32,0.846254051,
1.976030827,14.63110733,0.051114161,0.461806238,12,467,,,,,,,,,,33,2.899269104,
,,,,,499,1.00E-06,,,,,,,,,34,1.526466966,2.2999053
,,,,13,499,,1.028575301,6.123190403,0.015296766,0.400959462,,,,,35,3.081634521,
1.989903808,15.52932739,0.07088843,0.366082251,13,503,,,,,,,,,,36,1.336438656,
,,,,14,539,,,,,,3.089883566,23.53658867,0.113073081,0.623151958,37,1.031577706,3.697279692
1.997401714,15.17908382,0.080896072,0.398597181,14,539,,,,,,,,,,38,0.547828734,
,,,,,549,1.00E-06,,,,,,,,,39,1.647133827,
,,,,15,549,,2.525335073,14.78516865,0.02209973,1.024718285,,,,,40,0.658786416,2.24649477
1.871862173,12.56755829,0.135433525,0.479672849,15,575,,,,,,,,,,41,1.160200238,
,,,,,599,1.00E-06,,,,,,,,,42,1.123760939,
,,,,16,599,,1.482596636,11.90023899,0.011436997,0.281135768,,,,,43,0.967508256,1.870360732
1.991407156,14.13225842,0.168227375,0.409953713,16,611,,,,,,,,,,44,0.594461441,
2.015069485,15.80218029,0.098097652,0.336753517,17,647,,,,,,,,,,45,3.159019232,
,,,,,649,1.00E-06,,,,,,,,,46,1.046430826,1.543791771
,,,,18,649,,0.642281651,0.001002816,0.001929274,0.640252113,,,,,47,3.664556742,
1.824182272,13.19356537,0.08437556,0.420450568,18,683,,,,,,,,,,48,2.704459667,
,,,,,699,1.00E-06,,,,,,,,,49,0.216032982,2.533937931
,,,,19,699,,1.382218599,2.0422225,0.025421636,1.152574658,,,,,50,0.329144299,
,,,,19,719,,,,,,2.077114105,14.47100639,0.047611285,0.58240217,51,1.601655483,
1.790864706,12.9934454,0.081496269,0.410023659,19,719,,,,,,,,,,52,3.092353582,2.353719711
,,,,,749,1.00E-06,,,,,,,,,53,4.244997501,
,,,,20,749,,0.153950095,0.249506757,0.000898759,0.128100663,,,,,54,2.073083162,
1.877640843,14.52484322,0.068164535,0.356991917,20,755,,,,,,,,,,55,0.507623672,2.916708946
2.281309605,17.86613464,0.150296941,0.344399124,21,791,,,,,,,,,,56,0.884537458,
,,,,,799,1.00E-06,,,,,,,,,57,1.351709843,
,,,,22,799,,0.203108132,2.013577938,0.000901618,0.000848706,,,,,58,2.900490284,2.433645248
1.890333176,14.78264046,0.078736722,0.333332419,22,827,,,,,,,,,,59,2.479929924,
,,,,,849,1.00E-06,,,,,,,,,60,1.465287685,
,,,,23,849,,1.428597808,12.27385902,0.025917619,0.17529422,,,,,61,1.829999804,2.308370829
1.764936209,13.10598755,0.065916002,0.388421655,23,863,,,,,,,,,,62,3.830639362,
,,,,,899,1.00E-06,,,,,,,,,63,0.868730426,
,,,,24,899,,0.458423585,1.088069201,0.002124476,0.347492188,,,,,64,0.774806261,2.356853247
,,,,24,899,,,,,,2.510931253,21.29672813,0.046752855,0.334505439,65,1.813696623,
2.279983997,18.53613853,0.106886052,0.319484115,24,899,,,,,,,,,,66,3.02566123,
1.706830502,12.38473606,0.078278311,0.390078753,25,935,,,,,,,,,,67,0.249440193,1.738297343
,,,,,949,1.00E-06,,,,,,,,,68,0.50623703,
,,,,26,949,,5.818811417,46.46123123,0.043111037,1.129577398,,,,,69,0.968535304,
2.004120827,15.74146366,0.068628296,0.361345947,26,971,,,,,,,,,,70,0.842805028,2.152816296
,,,,,999,1.00E-06,,,,,,,,,71,3.159902334,
,,,,27,999,,2.306621552,20.99607086,0.141625091,0.065389223,,,,,72,0.106475659,
1.83045876,13.85667801,0.074014768,0.370776206,27,1007,,,,,,,,,,73,1.813977838,2.394138813
1.829083323,13.18541431,0.075318903,0.435222983,28,1043,,,,,,,,,,74,0.761300445,
,,,,,1049,1.00E-06,,,,,,,,,75,1.066479087,
,,,,29,1049,,0.856200039,7.016016483,0.015078002,0.139520377,,,,,76,2.513922691,2.114511251
,,,,29,1079,,,,,,2.758884192,23.1850872,0.047214754,0.393160611,77,3.81174159,
1.774379492,13.01249504,0.064047828,0.409082174,29,1079,,,,,,,,,,78,1.111508965,
,,,,,1099,1.00E-06,,,,,,,,,79,0.419359952,3.012551308
,,,,30,1099,,4.617923737,31.27035713,0.403453976,1.087433815,,,,,80,1.93914628,
1.717876434,12.30008125,0.096480526,0.391387999,30,1115,,,,,,,,,,81,1.010832787,
,,,,,1149,1.00E-06,,,,,,,,,82,1.840422273,2.162410975
,,,,31,1149,,0.456264973,4.205714226,0.035265971,0.00042754,,,,,83,0.70766747,
2.250028133,18.13333321,0.112061448,0.324632972,31,1151,,,,,,,,,,84,0.37673378,
1.925448537,14.47008896,0.084959589,0.393480301,32,1187,,,,,,,,,,85,3.898972034,1.795798421
,,,,,1199,1.00E-06,,,,,,,,,86,4.323267937,
,,,,33,1199,,1.630638838,13.77818775,0.169914171,0.082905978,,,,,87,1.811422706,
1.931352019,14.76990891,0.07627371,0.378087103,33,1223,,,,,,,,,,88,3.695583344,1.792176604
,,,,,1249,1.00E-06,,,,,,,,,89,0.28243053,
,,,,34,1249,,1.698264003,9.263802528,0.002644404,0.769239366,,,,,90,0.568493545,
,,,,34,1259,,,,,,2.464560986,20.64574623,0.101412445,0.298573911,91,3.659302711,2.886292458
2.072804451,16.72971344,0.077452362,0.322380722,34,1259,,,,,,,,,,92,0.580391765,
1.661761403,12.82237911,0.054949049,0.3245745,35,1295,,,,,,,,,,93,0.323246956,
,,,,,1299,1.00E-06,,,,,,,,,94,0.204250365,2.163229227
,,,,36,1299,,0.215887576,1.240866542,0.073844627,0.017956294,,,,,95,2.828343868,
2.032708406,16.31715965,0.09247198,0.308520675,36,1331,,,,,,,,,,96,3.087123871,
,,,,,1349,1.00E-06,,,,,,,,,97,2.632158279,2.346904278
,,,,37,1349,,0.377746105,2.768489122,0.047174454,0.05372275,,,,,98,1.556418657,
1.69779563,12.68753815,0.073669679,0.35537222,37,1367,,,,,,,,,,99,0.473700702,
,,,,,1399,1.00E-06,,,,,,,,,100,6.019418716,2.489121199
,,,,38,1399,,5.7345438,49.53370667,0.028788883,0.752384424,,,,,101,0.567325354,
1.881399632,14.5047369,0.104614727,0.326311231,38,1403,,,,,,,,,,102,0.498933107,
,,,,39,1439,,,,,,3.089203835,26.74388885,0.086253837,0.328560978,103,0.424821824,2.42498827
1.978003621,15.7384901,0.083915211,0.320239305,39,1439,,,,,,,,,,104,1.342577219,
,,,,,1449,1.00E-06,,,,,,,,,105,1.786506891,
,,,,40,1449,,7.203095913,65.11936951,0.265954584,0.425204128,,,,,106,1.076038957,1.756477714
1.76042974,13.44246387,0.087329425,0.328854114,40,1475,,,,,,,,,,107,5.273292065,
,,,,,1499,1.00E-06,,,,,,,,,108,0.230578214,
,,,,41,1499,,0.521261275,1.954017282,0.014380113,0.311479449,,,,,109,5.205909252,2.015437603
1.842309713,14.03715324,0.056005854,0.382588267,41,1511,,,,,,,,,,110,3.941624641,
1.797065973,14.40485668,0.089050658,0.267529815,42,1547,,,,,,,,,,111,3.086482048,
,,,,,1549,1.00E-06,,,,,,,,,112,0.642024398,1.73157835
,,,,43,1549,,0.499884576,0.002927759,0.001670341,0.497921467,,,,,113,5.786836147,
1.61334157,11.76049232,0.091288343,0.346004009,43,1583,,,,,,,,,,114,0.985952735,
,,,,,1599,1.00E-06,,,,,,,,,115,0.427833736,2.031463385
,,,,44,1599,,0.846254051,0.961778641,0.014560806,0.735515356,,,,,116,0.464625686,
,,,,44,1619,,,,,,2.397732019,20.11537552,0.079646669,0.306547612,117,0.61020875,
1.890410781,14.78748703,0.091536783,0.320124954,44,1619,,,,,,,,,,118,0.355827093,1.767811298
,,,,,1649,1.00E-06,,,,,,,,,119,1.452325821,
,,,,45,1649,,2.899269104,22.00538826,0.164706036,0.534024239,,,,,120,2.705149174,
1.966325521,15.0515728,0.098474532,0.362693936,45,1655,,,,,,,,,,121,1.361925006,
1.781529903,13.11538696,0.082336828,0.387654424,46,1691,,,,,,,,,,122,2.874087334,
,,,,,1699,1.00E-06,,,,,,,,,123,3.291637897,
,,,,47,1699,,1.526466966,12.97549534,0.147870034,0.081047356,,,,,124,0.27160278,
1.842049479,14.99407959,0.083817363,0.258824348,47,1727,,,,,,,,,,125,2.725701332,
,,,,,1749,1.00E-06,,,,,,,,,126,0.896201968,
,,,,48,1749,,3.081634521,27.64061928,0.084683657,0.232888728,,,,,127,0.351358771,
1.974514008,16.26819038,0.084257029,0.263437718,48,1763,,,,,,,,,,128,0.998627663,
,,,,,1799,1.00E-06,,,,,,,,,129,2.058948517,
,,,,49,1799,,1.336438656,10.44353771,0.052697919,0.239386946,,,,,130,0.799905181,
,,,,49,1799,,,,,,2.671041012,22.4037838,0.110285603,0.32037738,131,1.294574976,
1.953946233,15.29900074,0.137519866,0.286526442,49,1799,,,,,,,,,,132,0.78253752,
2.043419838,15.87055588,0.141772285,0.314591706,50,1835,,,,,,,,,,133,3.139772892,
,,,,,1849,1.00E-06,,,,,,,,,134,3.36891818,
,,,,51,1849,,1.031577706,4.189306259,0.005875885,0.606771171,,,,,135,0.950353682,
1.898362279,14.2850914,0.125433996,0.344418854,51,1871,,,,,,,,,,136,1.97825861,
,,,,,1899,1.00E-06,,,,,,,,,137,1.616548538,
,,,,52,1899,,0.547828734,3.85344553,0.005102833,0.157381356,,,,,138,0.140361711,
1.949694753,15.74792957,0.065750435,0.309151083,52,1907,,,,,,,,,,139,0.212358236,
1.823918223,13.93242645,0.068705045,0.361970395,53,1943,,,,,,,,,,140,0.281616002,
,,,,,1949,1.00E-06,,,,,,,,,141,1.428748608,
,,,,54,1949,,1.647133827,10.47810555,0.00880379,0.590519309,,,,,142,2.287162304,
,,,,54,1979,,,,,,2.830205679,23.28240204,0.074483953,0.427481472,143,8.63679409,
2.0495224,16.03824234,0.092816778,0.352881104,54,1979,,,,,,,,,,144,2.61840868,
,,,,,1999,1.00E-06,,,,,,,,,,,
,,,,55,1999,,0.658786416,4.987846851,0.05034069,0.10966105,,,,,,,
1.621635914,11.50878239,0.063030332,0.40772748,55,2015,,,,,,,,,,,,
,,,,,2049,1.00E-06,,,,,,,,,,,
,,,,56,2049,,1.160200238,10.184165,0.025049182,0.116734557,,,,,,,
1.709002733,13.54309273,0.052285179,0.302408218,56,2051,,,,,,,,,,,,
1.644532323,12.2468977,0.058112338,0.361730278,57,2087,,,,,,,,,,,,
,,,,,2099,1.00E-06,,,,,,,,,,,
,,,,58,2099,,1.123760939,9.759609222,0.088292822,0.059507113,,,,,,,
2.108588934,17.05241966,0.12571609,0.277631164,58,2123,,,,,,,,,,,,
,,,,,2149,1.00E-06,,,,,,,,,,,
,,,,59,2149,,0.967508256,7.953736305,0.095834285,0.07630036,,,,,,,
,,,,59,2159,,,,,,2.2999053,16.74211693,0.093953103,0.531740665,,,
2.034929037,16.55251312,0.09534689,0.284330636,59,2159,,,,,,,,,,,,
1.877546549,14.93695545,0.105839781,0.278011262,60,2195,,,,,,,,,,,,
,,,,,2199,1.00E-06,,,,,,,,,,,
,,,,61,2199,,0.594461441,3.836651325,0.010686297,0.200110033,,,,,,,
1.572967529,12.00515461,0.052984536,0.319467843,61,2231,,,,,,,,,,,,
,,,,,2249,1.00E-06,,,,,,,,,,,
,,,,62,2249,,3.159019232,29.15799713,0.103462793,0.139756575,,,,,,,
1.585000396,12.61458015,0.072564721,0.250977844,62,2267,,,,,,,,,,,,
,,,,,2299,1.00E-06,,,,,,,,,,,
,,,,63,2299,,1.046430826,4.46615696,0.01363416,0.586181045,,,,,,,
1.825191259,14.19273758,0.083183818,0.32273379,63,2303,,,,,,,,,,,,
,,,,64,2339,,,,,,3.697279692,32.59521484,0.121774778,0.315982699,,,
1.983664155,15.62219048,0.054118797,0.3673262,64,2339,,,,,,,,,,,,
,,,,,2349,1.00E-06,,,,,,,,,,,
,,,,65,2349,,3.664556742,31.25963211,0.313139528,0.225453973,,,,,,,
1.807099819,13.53005028,0.08515837,0.36893639,65,2375,,,,,,,,,,,,
,,,,,2399,1.00E-06,,,,,,,,,,,
,,,,66,2399,,2.704459667,24.40569115,0.027136756,0.236753687,,,,,,,
1.828195095,14.32718372,0.099036179,0.296440333,66,2411,,,,,,,,,,,,
1.599660158,12.4297266,0.085895836,0.270791739,67,2447,,,,,,,,,,,,
,,,,,2449,1.00E-06,,,,,,,,,,,
,,,,68,2449,,0.216032982,0.161449492,0.001538676,0.198349357,,,,,,,
1.441247344,10.64862061,0.055274352,0.321110964,68,2483,,,,,,,,,,,,
,,,,,2499,1.00E-06,,,,,,,,,,,
,,,,69,2499,,0.329144299,1.262275934,0.010485097,0.192431599,,,,,,,
,,,,69,2519,,,,,,2.24649477,18.75252914,0.076621667,0.294620067,,,
1.738236904,14.22931576,0.066561721,0.248743609,69,2519,,,,,,,,,,,,
,,,,,2549,1.00E-06,,,,,,,,,,,
,,,,70,2549,,1.601655483,15.33159828,0.015920244,0.05257532,,,,,,,
1.760127783,14.05111027,0.075241536,0.279775411,70,2555,,,,,,,,,,,,
1.689361334,12.36940765,0.090076186,0.362344384,71,2591,,,,,,,,,,,,
,,,,,2599,1.00E-06,,,,,,,,,,,
,,,,72,2599,,3.092353582,27.84423637,0.294486701,0.013443247,,,,,,,
1.916026235,15.2473402,0.089474156,0.301817954,72,2627,,,,,,,,,,,,
,,,,,2649,1.00E-06,,,,,,,,,,,
,,,,73,2649,,4.244997501,32.93733978,0.153403446,0.797860086,,,,,,,
1.750730038,13.30893517,0.059135444,0.360701054,73,2663,,,,,,,,,,,,
,,,,,2699,1.00E-06,,,,,,,,,,,
,,,,74,2699,,2.073083162,14.91060352,0.05037728,0.531645596,,,,,,,
,,,,74,2699,,,,,,1.870360732,14.30962658,0.032022242,0.407375425,,,
1.804122448,14.48195267,0.069694623,0.28623262,74,2699,,,,,,,,,,,,
1.520661831,10.87142086,0.0939022,0.339617193,75,2735,,,,,,,,,,,,
,,,,,2749,1.00E-06,,,,,,,,,,,
,,,,76,2749,,0.507623672,2.023495913,0.076604791,0.228669301,,,,,,,
1.71677196,13.41193295,0.10120219,0.274376422,76,2771,,,,,,,,,,,,
,,,,,2799,1.00E-06,,,,,,,,,,,
,,,,77,2799,,0.884537458,0.00748574,0.014576324,0.869212508,,,,,,,
1.759426475,13.8029108,0.053450186,0.325685143,77,2807,,,,,,,,,,,,
1.599507451,11.66000557,0.068408288,0.365098506,78,2843,,,,,,,,,,,,
,,,,,2849,1.00E-06,,,,,,,,,,,
,,,,79,2849,,1.351709843,11.76053047,0.025824731,0.14983198,,,,,,,
,,,,79,2879,,,,,,1.543791771,11.05752563,0.060970705,0.37706846,,,
1.747462869,13.81646633,0.049563918,0.316252291,79,2879,,,,,,,,,,,,
,,,,,2899,1.00E-06,,,,,,,,,,,
,,,,80,2899,,2.900490284,16.83040619,0.051350996,1.166098714,,,,,,,
1.791303158,14.5410223,0.06930922,0.267891616,80,2915,,,,,,,,,,,,
,,,,,2949,1.00E-06,,,,,,,,,,,
,,,,81,2949,,2.479929924,21.11829758,0.007057532,0.36104238,,,,,,,
1.945004344,15.69531727,0.074815467,0.300657034,81,2951,,,,,,,,,,,,
1.548893452,11.66384983,0.050744351,0.331764221,82,2987,,,,,,,,,,,,
,,,,,2999,1.00E-06,,,,,,,,,,,
,,,,83,2999,,1.465287685,14.00320625,0.003845498,0.061121389,,,,,,,
2.030097008,16.76015091,0.058955178,0.295127094,83,3023,,,,,,,,,,,,
,,,,,3049,1.00E-06,,,,,,,,,,,
,,,,84,3049,,1.829999804,13.41068459,0.432227492,0.056703839,,,,,,,
,,,,84,3059,,,,,,2.533937931,21.74404526,0.082066558,0.277466774,,,
1.571485043,11.95253849,0.056128953,0.320102125,84,3059,,,,,,,,,,,,
1.583965421,11.64800262,0.087106653,0.33205837,85,3095,,,,,,,,,,,,
,,,,,3099,1.00E-06,,,,,,,,,,,
,,,,86,3099,,3.830639362,33.10908508,0.041342832,0.478387952,,,,,,,
1.986551046,15.89171314,0.160392955,0.236986846,86,3131,,,,,,,,,,,,
,,,,,3149,1.00E-06,,,,,,,,,,,
,,,,87,3149,,0.868730426,4.774544239,0.027061392,0.364214718,,,,,,,
1.915455461,14.80564499,0.144382358,0.290508658,87,3167,,,,,,,,,,,,
,,,,,3199,1.00E-06,,,,,,,,,,,
,,,,88,3199,,0.774806261,0.000696315,0.004851718,0.769884944,,,,,,,
1.972244859,16.30112457,0.102703936,0.23942855,88,3203,,,,,,,,,,,,
,,,,89,3239,,,,,,2.353719711,17.30422592,0.103447035,0.519850194,,,
1.68330729,12.96431828,0.068603486,0.318272054,89,3239,,,,,,,,,,,,
,,,,,3249,1.00E-06,,,,,,,,,,,
,,,,90,3249,,1.813696623,16.27609062,0.095620535,0.090466961,,,,,,,
1.913145661,15.13313293,0.089536138,0.310296297,90,3275,,,,,,,,,,,,
,,,,,3299,1.00E-06,,,,,,,,,,,
,,,,91,3299,,3.02566123,22.28889656,0.560590267,0.236181185,,,,,,,
1.934254527,15.56805229,0.075841866,0.301606983,91,3311,,,,,,,,,,,,
1.912528157,15.32649708,0.109181844,0.270696163,92,3347,,,,,,,,,,,,
,,,,,3349,1.00E-06,,,,,,,,,,,
,,,,93,3349,,0.249440193,0.364198148,0.00161626,0.211404115,,,,,,,
1.744918346,13.26300526,0.097192556,0.32142511,93,3383,,,,,,,,,,,,
,,,,,3399,1.00E-06,,,,,,,,,,,
,,,,94,3399,,0.50623703,0.525989294,0.004063379,0.449574739,,,,,,,
,,,,94,3419,,,,,,2.916708946,24.59511185,0.116206884,0.340991169,,,
1.900605559,15.94116879,0.054852769,0.251635611,94,3419,,,,,,,,,,,,
,,,,,3449,1.00E-06,,,,,,,,,,,
,,,,95,3449,,0.968535304,2.619127512,0.010923815,0.695698738,,,,,,,
1.579437494,11.59700584,0.107063502,0.312673748,95,3455,,,,,,,,,,,,
1.834432006,15.08459473,0.043712031,0.282260269,96,3491,,,,,,,,,,,,
,,,,,3499,1.00E-06,,,,,,,,,,,
,,,,97,3499,,0.842805028,6.855921745,0.018829985,0.138382867,,,,,,,
1.593006253,12.68986702,0.06385164,0.260167956,97,3527,,,,,,,,,,,,
,,,,,3549,1.00E-06,,,,,,,,,,,
,,,,98,3549,,3.159902334,27.09449387,0.156173438,0.294279337,,,,,,,
1.868643045,14.04480076,0.126210466,0.337952733,98,3563,,,,,,,,,,,,
,,,,,3599,1.00E-06,,,,,,,,,,,
,,,,99,3599,,0.106475659,0.279690295,0.004882479,0.073624156,,,,,,,
,,,,99,3599,,,,,,2.433645248,20.58506012,0.042643875,0.332495213,,,
1.929537892,16.15626907,0.068215623,0.245695189,99,3599,,,,,,,,,,,,
1.700230718,13.63430119,0.109381177,0.227419063,100,3635,,,,,,,,,,,,
,,,,,3649,1.00E-06,,,,,,,,,,,
,,,,101,3649,,1.813977838,16.04682159,0.011062833,0.198232725,,,,,,,
1.982604504,16.93234634,0.059479374,0.229890555,101,3671,,,,,,,,,,,,
,,,,,3699,1.00E-06,,,,,,,,,,,
,,,,102,3699,,0.761300445,4.910194874,0.008618764,0.261662215,,,,,,,
1.600147367,13.19838428,0.060255315,0.220053673,102,3707,,,,,,,,,,,,
1.780738354,14.38075066,0.05986435,0.282799065,103,3743,,,,,,,,,,,,
,,,,,3749,1.00E-06,,,,,,,,,,,
,,,,104,3749,,1.066479087,9.766194344,0.054135527,0.035724029,,,,,,,
,,,,104,3779,,,,,,2.308370829,17.41957664,0.049201779,0.517210901,,,
1.60377264,12.18010426,0.063649684,0.322112441,104,3779,,,,,,,,,,,,
,,,,,3799,1.00E-06,,,,,,,,,,,
,,,,105,3799,,2.513922691,15.29893494,0.049065337,0.934963822,,,,,,,
1.919698119,15.3571434,0.055818003,0.328165621,105,3815,,,,,,,,,,,,
,,,,,3849,1.00E-06,,,,,,,,,,,
,,,,106,3849,,3.81174159,32.76378632,0.031913947,0.503448844,,,,,,,
1.652968884,12.62402153,0.048652034,0.341914773,106,3851,,,,,,,,,,,,
1.834672093,14.52833366,0.04534027,0.336498201,107,3887,,,,,,,,,,,,
,,,,,3899,1.00E-06,,,,,,,,,,,
,,,,108,3899,,1.111508965,10.53202915,0.033752777,0.024553157,,,,,,,
1.974932551,16.54142189,0.060272422,0.260517806,108,3923,,,,,,,,,,,,
,,,,,3949,1.00E-06,,,,,,,,,,,
,,,,109,3949,,0.419359952,2.609311581,0.001095655,0.157333136,,,,,,,
,,,,109,3959,,,,,,2.356853247,18.62125206,0.069314934,0.425413251,,,
1.75529623,14.28759289,0.076108538,0.250428498,109,3959,,,,,,,,,,,,
1.967837811,15.65153694,0.111185178,0.291499078,110,3995,,,,,,,,,,,,
,,,,,3999,1.00E-06,,,,,,,,,,,
,,,,111,3999,,1.93914628,17.41516304,0.038213126,0.159416646,,,,,,,
1.977689743,15.77070808,0.082542479,0.318076789,111,4031,,,,,,,,,,,,
,,,,,4049,1.00E-06,,,,,,,,,,,
,,,,112,4049,,1.010832787,8.788094521,0.016367478,0.11565578,,,,,,,
1.987726808,15.95482254,0.13056244,0.261682123,112,4067,,,,,,,,,,,,
,,,,,4099,1.00E-06,,,,,,,,,,,
,,,,113,4099,,1.840422273,16.81603813,0.10496787,0.053850554,,,,,,,
1.761108279,14.14611053,0.058301415,0.28819564,113,4103,,,,,,,,,,,,
,,,,114,4139,,,,,,1.738297343,12.46478081,0.051803853,0.440015465,,,
1.584154487,11.89984035,0.043792296,0.350377828,114,4139,,,,,,,,,,,,
,,,,,4149,1.00E-06,,,,,,,,,,,
,,,,115,4149,,0.70766747,2.405683994,0.002293728,0.464805335,,,,,,,
2.007441759,16.32727623,0.119334765,0.255379319,115,4175,,,,,,,,,,,,
,,,,,4199,1.00E-06,,,,,,,,,,,
,,,,116,4199,,0.37673378,0.544357955,0.020587549,0.301710427,,,,,,,
1.599504709,12.18320179,0.081186265,0.299998432,116,4211,,,,,,,,,,,,
1.632707,12.40319157,0.069035903,0.323351592,117,4247,,,,,,,,,,,,
,,,,,4249,1.00E-06,,,,,,,,,,,
,,,,118,4249,,3.898972034,32.91952133,0.308553994,0.298465848,,,,,,,
2.459968567,19.67198753,0.188287511,0.304482311,118,4283,,,,,,,,,,,,
,,,,,4299,1.00E-06,,,,,,,,,,,
,,,,119,4299,,4.323267937,35.96036911,0.052655611,0.674575269,,,,,,,
,,,,119,4319,,,,,,2.152816296,15.64126968,0.074898966,0.513790369,,,
1.621252775,12.15458775,0.045106903,0.360687196,119,4319,,,,,,,,,,,,
,,,,,4349,1.00E-06,,,,,,,,,,,
,,,,120,4349,,1.811422706,5.911318302,0.091778159,1.128512859,,,,,,,
1.739993691,13.55639267,0.067257792,0.317096591,120,4355,,,,,,,,,,,,
1.875654697,14.72734737,0.07139387,0.33152619,121,4391,,,,,,,,,,,,
,,,,,4399,1.00E-06,,,,,,,,,,,
,,,,122,4399,,3.695583344,29.09598732,0.021888491,0.764096081,,,,,,,
1.779177547,13.83693123,0.087768398,0.307716161,122,4427,,,,,,,,,,,,
,,,,,4449,1.00E-06,,,,,,,,,,,
,,,,123,4449,,0.28243053,1.03313458,0.023917831,0.15519926,,,,,,,
1.616445661,12.6103611,0.051692799,0.303716779,123,4463,,,,,,,,,,,,
,,,,,4499,1.00E-06,,,,,,,,,,,
,,,,124,4499,,0.568493545,4.629385471,0.032274697,0.073280297,,,,,,,
,,,,124,4499,,,,,,2.394138813,20.32697105,0.076325901,0.285115898,,,
1.966427326,16.04367065,0.087353796,0.274706483,124,4499,,,,,,,,,,,,
1.598428011,12.12632084,0.061489914,0.324305743,125,4535,,,,,,,,,,,,
,,,,,4549,1.00E-06,,,,,,,,,,,
,,,,126,4549,,3.659302711,29.97502899,0.213363752,0.448435724,,,,,,,
1.871583462,15.49188423,0.077628262,0.244767025,126,4571,,,,,,,,,,,,
,,,,,4599,1.00E-06,,,,,,,,,,,
,,,,127,4599,,0.580391765,0.843661249,0.006052774,0.489972889,,,,,,,
1.590354323,12.05653667,0.056240659,0.328459859,127,4607,,,,,,,,,,,,
1.513302445,11.42380524,0.081676215,0.289245665,128,4643,,,,,,,,,,,,
,,,,,4649,1.00E-06,,,,,,,,,,,
,,,,129,4649,,0.323246956,0.832495153,0.005964916,0.234032542,,,,,,,
,,,,129,4679,,,,,,2.114511251,16.88692284,0.084190868,0.341628313,,,
1.577898979,12.52078438,0.087801181,0.238019362,129,4679,,,,,,,,,,,,
,,,,,4699,1.00E-06,,,,,,,,,,,
,,,,130,4699,,0.204250365,0.423854202,0.001186728,0.160678223,,,,,,,
1.806060791,14.45931339,0.064650498,0.295478731,130,4715,,,,,,,,,,,,
,,,,,4749,1.00E-06,,,,,,,,,,,
,,,,131,4749,,2.828343868,24.83329582,0.014466674,0.330547482,,,,,,,
1.750070214,14.42398739,0.050517812,0.25715363,131,4751,,,,,,,,,,,,
1.988304138,15.30190659,0.170215651,0.287897587,132,4787,,,,,,,,,,,,
,,,,,4799,1.00E-06,,,,,,,,,,,
,,,,133,4799,,3.087123871,28.4035759,0.019928815,0.226837277,,,,,,,
1.984750152,16.46328926,0.054947477,0.283473909,133,4823,,,,,,,,,,,,
,,,,,4849,1.00E-06,,,,,,,,,,,
,,,,134,4849,,2.632158279,23.29216003,0.100512408,0.202430114,,,,,,,
,,,,134,4859,,,,,,3.012551308,25.73430252,0.151381329,0.287739515,,,
1.554830432,11.7137928,0.061858919,0.321591944,134,4859,,,,,,,,,,,,
1.964894414,15.19062328,0.113336712,0.332495362,135,4895,,,,,,,,,,,,
,,,,,4899,1.00E-06,,,,,,,,,,,
,,,,136,4899,,1.556418657,11.88710594,0.028724069,0.338983864,,,,,,,
1.980761886,15.56650448,0.091042489,0.333068728,136,4931,,,,,,,,,,,,
,,,,,4949,1.00E-06,,,,,,,,,,,
,,,,137,4949,,0.473700702,0.047846314,0.003361692,0.465554386,,,,,,,
1.875102758,15.42214298,0.075479582,0.257408589,137,4967,,,,,,,,,,,,
,,,,,4999,1.00E-06,,,,,,,,,,,
,,,,138,4999,,6.019418716,54.64422989,0.058950603,0.496044934,,,,,,,
1.592428088,12.5841856,0.05418257,0.279827207,138,5003,,,,,,,,,,,,
,,,,139,5039,,,,,,2.162410975,20.64323807,0.053100459,0.044986427,,,
1.713598728,13.48054981,0.077253163,0.288290441,139,5039,,,,,,,,,,,,
,,,,,5049,1.00E-06,,,,,,,,,,,
,,,,140,5049,,0.567325354,5.195949554,0.04430652,0.00342385,,,,,,,
2.048150539,17.07892609,0.059513263,0.280744314,140,5075,,,,,,,,,,,,
,,,,,5099,1.00E-06,,,,,,,,,,,
,,,,141,5099,,0.498933107,1.70095098,0.016224662,0.312613308,,,,,,,
1.673278093,12.71338272,0.062977016,0.338962615,141,5111,,,,,,,,,,,,
1.615090847,13.49917412,0.044755269,0.22041811,142,5147,,,,,,,,,,,,
,,,,,5149,1.00E-06,,,,,,,,,,,
,,,,143,5149,,0.424821824,0.66353333,0.004519241,0.353949249,,,,,,,
1.677070141,13.50992298,0.070075423,0.256002367,143,5183,,,,,,,,,,,,
,,,,,5199,1.00E-06,,,,,,,,,,,
,,,,144,5199,,1.342577219,11.52816677,0.045762721,0.143997848,,,,,,,
,,,,144,5219,,,,,,1.795798421,13.38621902,0.042336807,0.414839894,,,
1.562384486,13.09572983,0.073137864,0.179673865,144,5219,,,,,,,,,,,,
,,,,,5249,1.00E-06,,,,,,,,,,,
,,,,145,5249,,1.786506891,16.16411209,0.018020559,0.152075097,,,,,,,
1.806917787,13.53401279,0.131967992,0.321548223,145,5255,,,,,,,,,,,,
1.541402221,12.31483173,0.068241067,0.241677701,146,5291,,,,,,,,,,,,
,,,,,5299,1.00E-06,,,,,,,,,,,
,,,,147,5299,,1.076038957,9.594075203,0.052723482,0.063907914,,,,,,,
1.749292374,13.25287247,0.047870182,0.376134962,147,5327,,,,,,,,,,,,
,,,,,5349,1.00E-06,,,,,,,,,,,
,,,,148,5349,,5.273292065,48.274086,0.146615818,0.29926765,,,,,,,
1.687793136,12.87771893,0.078367792,0.321653396,148,5363,,,,,,,,,,,,
,,,,,5399,1.00E-06,,,,,,,,,,,
,,,,149,5399,,0.230578214,0.168342158,0.000905973,0.212838024,,,,,,,
,,,,149,5399,,,,,,1.792176604,15.04203415,0.042173553,0.245799303,,,
1.743130326,14.14493561,0.062274534,0.266362309,149,5399,,,,,,,,,,,,
1.563049674,12.42716789,0.054713324,0.265619397,150,5435,,,,,,,,,,,,
,,,,,5449,1.00E-06,,,,,,,,,,,
,,,,151,5449,,5.205909252,48.62398529,0.032039225,0.311471492,,,,,,,
1.695481658,13.33260632,0.047569714,0.314651221,151,5471,,,,,,,,,,,,
,,,,,5499,1.00E-06,,,,,,,,,,,
,,,,152,5499,,3.941624641,27.68086433,0.147574797,1.025963187,,,,,,,
1.620315671,12.80448723,0.076066785,0.263800263,152,5507,,,,,,,,,,,,
1.474809051,11.52630043,0.047792561,0.274386674,153,5543,,,,,,,,,,,,
,,,,,5549,1.00E-06,,,,,,,,,,,
,,,,154,5549,,3.086482048,24.88529968,0.015118843,0.582833171,,,,,,,
,,,,154,5579,,,,,,2.886292458,25.73170853,0.094490454,0.218630806,,,
1.819499969,14.8621254,0.113928318,0.219359443,154,5579,,,,,,,,,,,,
,,,,,5599,1.00E-06,,,,,,,,,,,
,,,,155,5599,,0.642024398,0.019838013,0.002265077,0.63777554,,,,,,,
1.788300395,14.16085339,0.057782989,0.314432144,155,5615,,,,,,,,,,,,
,,,,,5649,1.00E-06,,,,,,,,,,,
,,,,156,5649,,5.786836147,57.23684692,0.062513396,0.000637725,,,,,,,
1.889385819,15.49062061,0.061806902,0.278516948,156,5651,,,,,,,,,,,,
2.156097651,17.498909,0.099301629,0.306905061,157,5687,,,,,,,,,,,,
,,,,,5699,1.00E-06,,,,,,,,,,,
,,,,158,5699,,0.985952735,1.729095936,0.045991194,0.767051935,,,,,,,
1.702292442,14.04579258,0.052893147,0.244820192,158,5723,,,,,,,,,,,,
,,,,,5749,1.00E-06,,,,,,,,,,,
,,,,159,5749,,0.427833736,0.31322071,0.010705405,0.385806262,,,,,,,
,,,,159,5759,,,,,,2.163229227,18.66663933,0.073975146,0.222590044,,,
1.805106521,14.74567032,0.06882342,0.26171577,159,5759,,,,,,,,,,,,
1.565211892,12.34785366,0.046621688,0.283804923,160,5795,,,,,,,,,,,,
,,,,,5799,1.00E-06,,,,,,,,,,,
,,,,161,5799,,0.464625686,0.092282221,0.007887836,0.447509646,,,,,,,
2.083758354,17.19990158,0.064865388,0.298902392,161,5831,,,,,,,,,,,,
,,,,,5849,1.00E-06,,,,,,,,,,,
,,,,162,5849,,0.61020875,0.001277516,0.036031313,0.574049711,,,,,,,
1.703284144,13.52348709,0.10008993,0.250845373,162,5867,,,,,,,,,,,,
,,,,,5899,1.00E-06,,,,,,,,,,,
,,,,163,5899,,0.355827093,1.860479593,0.006526431,0.163252696,,,,,,,
1.925643086,16.38137627,0.051447999,0.236057594,163,5903,,,,,,,,,,,,
,,,,164,5939,,,,,,2.346904278,19.93837738,0.067427047,0.285639495,,,
1.372444272,10.48838425,0.048667576,0.274938256,164,5939,,,,,,,,,,,,
,,,,,5949,1.00E-06,,,,,,,,,,,
,,,,165,5949,,1.452325821,13.40748978,0.050060041,0.061516907,,,,,,,
1.663241982,13.01894283,0.069039434,0.292308509,165,5975,,,,,,,,,,,,
,,,,,5999,1.00E-06,,,,,,,,,,,
,,,,166,5999,,2.705149174,23.07343674,0.061391816,0.33641386,,,,,,,
1.737910748,13.53741169,0.068501554,0.315667927,166,6011,,,,,,,,,,,,
1.752364397,13.71484852,0.045955054,0.334924281,167,6047,,,,,,,,,,,,
,,,,,6049,1.00E-06,,,,,,,,,,,
,,,,168,6049,,1.361925006,11.31872559,0.014890004,0.215162367,,,,,,,
1.5002774,10.75038815,0.040624991,0.384613305,168,6083,,,,,,,,,,,,
,,,,,6099,1.00E-06,,,,,,,,,,,
,,,,169,6099,,2.874087334,27.4459343,0.111282378,0.018211387,,,,,,,
,,,,169,6119,,,,,,2.489121199,21.52438545,0.135399237,0.201283202,,,
1.61733973,12.72206974,0.060421005,0.284711748,169,6119,,,,,,,,,,,,
,,,,,6149,1.00E-06,,,,,,,,,,,
,,,,170,6149,,3.291637897,28.39764023,0.05907711,0.392796755,,,,,,,
1.715298533,13.16461658,0.103556074,0.295280904,170,6155,,,,,,,,,,,,
1.803184271,14.43227673,0.095864028,0.264092714,171,6191,,,,,,,,,,,,
,,,,,6199,1.00E-06,,,,,,,,,,,
,,,,172,6199,,0.27160278,2.157445669,0.002340512,0.053517703,,,,,,,
1.719938159,14.00976563,0.071862154,0.247099608,172,6227,,,,,,,,,,,,
,,,,,6249,1.00E-06,,,,,,,,,,,
,,,,173,6249,,2.725701332,18.98057365,0.150464714,0.677179277,,,,,,,
1.737939,14.02017593,0.079585284,0.256335944,173,6263,,,,,,,,,,,,
,,,,,6299,1.00E-06,,,,,,,,,,,
,,,,174,6299,,0.896201968,7.151264668,0.006578248,0.174497306,,,,,,,
,,,,174,6299,,,,,,2.42498827,20.24843407,0.06164233,0.338502437,,,
1.849275112,14.40082932,0.080082484,0.329109818,174,6299,,,,,,,,,,,,
1.827385783,14.447649,0.074430674,0.308190167,175,6335,,,,,,,,,,,,
,,,,,6349,1.00E-06,,,,,,,,,,,
,,,,176,6349,,0.351358771,3.137429714,0.009008112,0.028607665,,,,,,,
1.809238434,14.80886841,0.057534773,0.270816714,176,6371,,,,,,,,,,,,
,,,,,6399,1.00E-06,,,,,,,,,,,
,,,,177,6399,,0.998627663,4.584705353,0.03700095,0.503156185,,,,,,,
1.528776765,11.66043472,0.03836824,0.324365407,177,6407,,,,,,,,,,,,
2.002487898,16.64751053,0.047069546,0.290667176,178,6443,,,,,,,,,,,,
,,,,,6449,1.00E-06,,,,,,,,,,,
,,,,179,6449,,2.058948517,15.3474102,0.511651635,0.012555873,,,,,,,
,,,,179,6479,,,,,,1.756477714,12.95708084,0.061847866,0.398922086,,,
1.955901861,16.14726639,0.097210161,0.243964851,179,6479,,,,,,,,,,,,
,,,,,6499,1.00E-06,,,,,,,,,,,
,,,,180,6499,,0.799905181,6.789378166,0.026420949,0.09454637,,,,,,,
1.47477293,11.85106373,0.037928555,0.251738042,180,6515,,,,,,,,,,,,
,,,,,6549,1.00E-06,,,,,,,,,,,
,,,,181,6549,,1.294574976,11.14556503,0.107439823,0.072578758,,,,,,,
1.635006189,12.56236744,0.071882173,0.30688715,181,6551,,,,,,,,,,,,
1.792471766,13.89140892,0.06919051,0.334140062,182,6587,,,,,,,,,,,,
,,,,,6599,1.00E-06,,,,,,,,,,,
,,,,183,6599,,0.78253752,2.779942751,0.007085112,0.4974581,,,,,,,
1.540194869,12.06813526,0.059383411,0.273997694,183,6623,,,,,,,,,,,,
,,,,,6649,1.00E-06,,,,,,,,,,,
,,,,184,6649,,3.139772892,27.8926487,0.328836858,0.021671042,,,,,,,
,,,,184,6659,,,,,,2.015437603,16.97828293,0.03839137,0.279218167,,,
1.574059725,11.82867336,0.06295225,0.328239948,184,6659,,,,,,,,,,,,
1.362583399,9.816794395,0.059812527,0.321091413,185,6695,,,,,,,,,,,,
,,,,,6699,1.00E-06,,,,,,,,,,,
,,,,186,6699,,3.36891818,28.92679787,0.262542903,0.213695571,,,,,,,
1.602121234,11.97519302,0.055659652,0.34894222,186,6731,,,,,,,,,,,,
,,,,,6749,1.00E-06,,,,,,,,,,,
,,,,187,6749,,0.950353682,8.224912643,0.072935626,0.054926716,,,,,,,
1.934221268,15.41748714,0.070028916,0.322443634,187,6767,,,,,,,,,,,,
,,,,,6799,1.00E-06,,,,,,,,,,,
,,,,188,6799,,1.97825861,12.31602573,0.108894117,0.637761891,,,,,,,
1.944685221,15.27391434,0.165303126,0.251991004,188,6803,,,,,,,,,,,,
,,,,189,6839,,,,,,1.73157835,14.14590168,0.054019917,0.262968153,,,
1.3726331,10.91418552,0.032463394,0.248751268,189,6839,,,,,,,,,,,,
,,,,,6849,1.00E-06,,,,,,,,,,,
,,,,190,6849,,1.616548538,13.62912083,0.02801927,0.2256172,,,,,,,
1.660732508,13.60531902,0.061517742,0.238682985,190,6875,,,,,,,,,,,,
,,,,,6899,1.00E-06,,,,,,,,,,,
,,,,191,6899,,0.140361711,0.429631919,0.012079472,0.08531905,,,,,,,
1.490676641,11.84589958,0.074511655,0.231575012,191,6911,,,,,,,,,,,,
1.609046102,13.52192688,0.048169091,0.208684221,192,6947,,,,,,,,,,,,
,,,,,6949,1.00E-06,,,,,,,,,,,
,,,,193,6949,,0.212358236,1.291606665,0.076316491,0.006881074,,,,,,,
1.567366004,12.33950901,0.053763259,0.279651761,193,6983,,,,,,,,,,,,
,,,,,6999,1.00E-06,,,,,,,,,,,
,,,,194,6999,,0.281616002,1.352250934,0.010823453,0.135567442,,,,,,,
,,,,194,7019,,,,,,2.031463385,15.79685593,0.07447055,0.377307206,,,
1.882099152,15.22988224,0.088781841,0.270329088,194,7019,,,,,,,,,,,,
,,,,,7049,1.00E-06,,,,,,,,,,,
,,,,195,7049,,1.428748608,11.04149246,0.034385234,0.290214002,,,,,,,
1.903347611,15.43244553,0.067080237,0.293022424,195,7055,,,,,,,,,,,,
1.400561452,10.32303047,0.072807521,0.295450836,196,7091,,,,,,,,,,,,
,,,,,7099,1.00E-06,,,,,,,,,,,
,,,,197,7099,,2.287162304,18.95446396,0.010635327,0.381080478,,,,,,,
1.583202004,12.66286945,0.06111398,0.255801469,197,7127,,,,,,,,,,,,
,,,,,7149,1.00E-06,,,,,,,,,,,
,,,,198,7149,,8.63679409,82.85652924,0.193612799,0.157527447,,,,,,,
1.995342851,15.8647089,0.087098286,0.321773708,198,7163,,,,,,,,,,,,
,,,,,7199,1.00E-06,,,,,,,,,,,
,,,,199,7199,,2.61840868,22.63567543,0.124454007,0.230387092,,,,,,,
,,,,199,7199,,,,,,1.767811298,14.09455776,0.043552484,0.314803004,,,
1.847836971,15.27534676,0.074258447,0.246043712,199,7199,,,,,,,,,,,,
